Ngram,Count
this song,53
lagu ini,31
this is,26
weird genius,20
song is,16
keren banget,15
iso mlayu,15
this song is,14
ra iso,14
ra iso mlayu,14
from the,14
ajining diri,13
ing lathi,12
kowe ra,12
kowe ra iso,12
the first,12
this music,11
this kind of,11
this kind,11
kind of,11
mlayu saka,11
yang dislike,11
iso mlayu saka,11
kesalahan ajining,11
go internasional,11
wanted this,10
kesalahan ajining diri,10
cold and,10
never wanted this,10
kind of pain,10
like this,10
and heartless,10
wanted this kind,10
should know,10
so cold,10
never wanted,10
cold and heartless,10
of pain,10
the best,10
so cold and,10
from the first,9
for reason,9
happened for,9
has changed,9
happened for reason,9
you should know,9
you should,9
something we,9
myself so,9
of the,9
myself so cold,9
all happened,9
all happened for,9
the first stage,9
down from the,9
diri ana,9
ajining diri ana,9
it all,9
ini lagu,9
it all happened,9
it isnt,9
but one,9
everything has,9
first stage,9
everything has changed,9
down from,9
stage it,8
thing you should,8
thing you,8
one thing you,8
and heartless but,8
one thing,8
stage it isnt,8
reason down from,8
reason down,8
and all,8
an indonesian,8
has changed it,8
for never,8
for never wanted,8
heartless but,8
something we fought,8
we fought,8
but one thing,8
we fought for,8
for reason down,8
heartless but one,8
turned myself so,8
changed it all,8
changed it,8
turned myself,8
first stage it,8
fought for,8
saka kesalahan,7
song and,7
pain turned,7
pain turned myself,7
it isnt something,7
fought for never,7
isnt something we,7
udah tahun,7
ada yang,7
bagus banget,7
isnt something,7
the song,7
mlayu saka kesalahan,7
of pain turned,7
toxic relationship,6
heard this,6
indonesian culture,6
is masterpiece,6
it was,6
sebagus ini,6
yang masih,6
ana ing,6
saka kesalahan ajining,6
ono ing,6
ana ing lathi,6
the music,6
im from,6
diri ana ing,6
all of the,5
and all know,5
the countless,5
the countless pain,5
so much,5
bangga banget,5
soko kesalahan,5
all the,5
seeing all,5
all the rules,5
rasa sakit,5
song from,5
all know that,5
all know,5
on tiktok,5
go international,5
heard this song,5
to be,5
tidak ada,5
through the countless,5
edm gamelan,5
was born,5
countless pain,5
tidak bisa,5
through the,5
from indonesia,5
broken all,5
broken all the,5
bless and,5
born fool,5
chans room,5
with this,5
was born fool,5
bless and curse,5
all of,5
ono ing lathi,5
loves bless and,5
and curse,5
loves bless,5
the truth,5
know that this,5
the rules,5
love this,5
like this song,5
this loves bless,5
that this loves,5
know that,5
that this,5
this loves,5
countless pain and,4
curse everything has,4
curse everything,4
kayak gini,4
jt view,4
jt like,4
this song from,4
jawa jawa,4
is so,4
indonesian music,4
is the,4
tidak bisa lari,4
to this,4
good job,4
fool broken,4
fool broken all,4
hal yang,4
wong jowo,4
diri ono,4
denying all,4
dengerin lagu,4
dari kesalahan,4
yang harus,4
bisa lari,4
budaya indonesia,4
born fool broken,4
bisa lari dari,4
lari dari,4
know kowe,4
know kowe ra,4
love the,4
love this song,4
the way,4
luar biasa,4
mas aku,4
thank you,4
ni lagu,4
next level,4
of the truth,4
nyinden tapi,4
mlayu saka soko,4
masih dengerin,4
aku pengen,4
musik yang,4
lagu indonesia,4
pain and all,4
orang jawa,4
and curse everything,4
pain and,4
orang luar,4
pengen nyinden,4
all null,4
tahun berlalu,4
anak bangsa,4
sudah tahun,4
pushing through the,4
pushing through,4
saka soko,4
sara fajira,4
semua yang,4
seeing all null,4
saka soko kesalahan,4
sesuatu yang,4
soko kesalahan ajining,4
should know kowe,4
you have,4
you guys,4
yang dislike tidak,3
ada di,3
begitu dingin,3
begitu dingin dan,3
sih ini,3
sinden mas,3
so good,3
banget sama,3
who is,3
dan tidak,3
denying all of,3
di indonesia,3
dingin dan,3
diri ana ono,3
diri ono ing,3
dislike tidak,3
dislike tidak ada,3
was so,3
ada yang dislike,3
find this,3
semua yang terlibat,3
seneng banget,3
first time,3
for it,3
for the,3
trending kan,3
video and,3
from my,3
gak kerasa,3
gak kerasa udah,3
gila sih,3
hal yang harus,3
harga diri,3
tiktok thought,3
tiktok thought it,3
song so,3
satu hal yang,3
sebagai orang,3
selalu merinding,3
to see,3
agnez mo,3
harus go,3
harus go internasional,3
if this,3
if this song,3
in the,3
in toxic,3
in toxic relationship,3
indonesia bisa,3
indonesia yang,3
ing lathi pushing,3
inggris dan,3
salah satu,3
salam dari,3
satu hal,3
song is masterpiece,3
song on,3
ini karya,3
as an,3
as an indonesian,3
as javanese,3
ini masih,3
is an,3
is in,3
is it,3
tidak ada akhlak,3
tidak trending,3
is very,3
is what,3
suicide squad,3
all null denying,3
all people,3
tahap pertama,3
react lathi,3
really like,3
itu bukan,3
itu yang,3
jawa dan,3
this song on,3
thought it,3
thought it was,3
ajining diri ono,3
jawa jawa jawa,3
proud of,3
proud to,3
karya anak,3
karya anak bangsa,3
kerasa udah,3
keren ini,3
another level,3
kok bisa,3
this is masterpiece,3
this is the,3
this is what,3
this on,3
kuda lumping,3
lagi setelah,3
lagu keren,3
lagu lathi,3
lagu yang,3
terjadi karena,3
part kowe,3
part kowe ra,3
pengen nyinden tapi,3
ana ono,3
ana ono ing,3
lathi dong,3
lathi pushing,3
lathi pushing through,3
like the,3
love it,3
the only,3
the vocals,3
there is,3
mana nih,3
mas aku pengen,3
masih terngiang,3
merinding pas,3
music video,3
musik tradisional,3
my opinion,3
the javanese,3
aku pengen nyinden,3
the mv,3
null denying,3
null denying all,3
alan walker,3
on chans,3
yang ku,3
be honest,3
yang terlibat,3
you can,3
ada akhlak,3
yang bisa,2
yang terlibat dalam,2
cant wait,2
what is,2
when heard,2
should know star,2
siapa yang,2
sinden mas aku,2
so shock,2
also the,2
banget sih,2
bangga dengan,2
baru kali,2
yang sudah,2
about this,2
your music,2
best lah,2
when im,2
oktober anyone,2
omg this,2
on chans room,2
on tiktok thought,2
on tv,2
and can,2
orang bodoh,2
abis nonton,2
ada jawa,2
yang keren,2
yang kita,2
buat semua,2
buat semua yang,2
budaya kita,2
bukan sesuatu,2
bukan sesuatu yang,2
nyinden tapi karo,2
of my,2
of pain turn,2
terjadi karena suatu,2
terletak di,2
terletak di lidah,2
terlibat dalam,2
tetapi satu,2
tetapi satu hal,2
tetep saja,2
alasan sejak,2
alasan sejak tahap,2
alat musik,2
the best lah,2
of this,2
of you,2
and over again,2
music is,2
music love,2
music the,2
musik dan,2
musik indo,2
musik indonesia,2
my country,2
the chat,2
the chorus,2
the culture,2
the first time,2
the likes,2
the lyrics,2
the music the,2
ngeliat ini,2
tak terhitung,2
tak terhitung jumlahnya,2
tapi karo,2
masih dengerin lagu,2
masih setia,2
masih suka,2
me goosebumps,2
me gusta,2
melakukan harga,2
melakukan harga diri,2
membuat diri,2
membuat diri saya,2
menyangkal semua,2
menyangkal semua kebenaran,2
merinding ya,2
and over,2
and song,2
masih ada,2
masih ada yang,2
orang luar negeri,2
orang yang,2
over again,2
over and,2
over and over,2
own country,2
and all people,2
pain turn,2
tahun lalu,2
tahun saja,2
tahun tapi,2
tak bisa,2
tak bisa berkata,2
lot indonesian,2
love from,2
love indonesia,2
loveeee yooo,2
the next,2
the song is,2
the vocals the,2
there is an,2
they are,2
this and,2
luar negeri,2
makes me,2
making this,2
masa covid,2
masa masa,2
masa masa covid,2
lebih dari,2
lebih dari kata,2
left the,2
left the chat,2
lidah katakata,2
like dan,2
anda ketahui,2
anda ketahui anda,2
anda tidak,2
like terbanyak,2
like terbanyak di,2
like the music,2
lingsir wengi,2
lirik jawanya,2
listening to,2
long time,2
lagu ini jadi,2
lagu nya,2
lagu sampe,2
tapi karo party,2
telah berubah,2
tembus jt,2
terbanyak di,2
terhitung jumlahnya,2
party wg,2
pasti merinding,2
people who,2
an indonesian am,2
pernah ingin,2
lagunya keren,2
lari dari kesalahan,2
lathi and,2
know star,2
know star part,2
know who,2
know who is,2
ko gw,2
koe ra,2
koe ra iso,2
komen yang,2
this is indonesian,2
this is such,2
this is very,2
aku bangga,2
this music is,2
this music video,2
this on tiktok,2
lagi di,2
kata keren,2
ke sini,2
kehormatan diri,2
kerasa udah tahun,2
keren banget sih,2
keren keren,2
keren sih,2
kesalahan anda,2
kesini lagi,2
kesurupan njir,2
ketahui anda,2
ketahui anda tidak,2
anyone here,2
anyone here in,2
know java,2
know java kowe,2
suatu alasan,2
suatu hari,2
kalau denger,2
kali ini,2
kalo ini,2
kalo udah,2
kamu tidak,2
kamu tidak bisa,2
kangen lagu,2
kangen lagu ini,2
karena bangga,2
karena suatu,2
karena suatu alasan,2
karo dugem,2
karo party,2
karya yang,2
just my,2
just my opinion,2
juta like,2
juta views,2
pernah ingin rasa,2
pertama itu,2
pertama itu bukan,2
pertama kali,2
play it,2
play it over,2
podo like,2
produce this,2
produce this music,2
proud of you,2
proud to be,2
stop listening,2
itu bukan sesuatu,2
jadi pengen,2
java kowe,2
java kowe ra,2
javanese culture,2
jawa ini,2
this one,2
this song and,2
this song made,2
this song so,2
this was,2
this you,2
tiba tiba,2
jawa nya,2
jowo like,2
jt viewers,2
it isnt for,2
it just,2
suka banget,2
tahap pertama itu,2
rasa sakit seperti,2
rasa sakit yang,2
react lathi dong,2
really like this,2
really love,2
saja nih,2
saja ternyata,2
sakit seperti,2
it on,2
it over,2
it over and,2
its my,2
is no,2
is on,2
is such,2
tidak asal,2
tidak asal asalan,2
tidak berenti,2
tidak berperasaan,2
tidak berperasaan tetapi,2
tidak kerasa,2
tidak pernah,2
tidak pernah ingin,2
tidak terasa,2
isnt for,2
isnt for something,2
it cuz,2
are so,2
ini harus,2
ini jadi,2
ini keren,2
ini keren banget,2
ini lagu keren,2
as far,2
as far as,2
ini membuat,2
ini membuat diri,2
ini yang,2
instrument apa,2
international and,2
is amazing,2
is awesome,2
is good,2
is indonesian,2
asal asalan,2
ingin rasa,2
ingin rasa sakit,2
sakit seperti ini,2
sakit yang,2
sakit yang tak,2
salam dari malaysia,2
sama like,2
sama ni,2
sama ni lagu,2
sampe di,2
sampe keluar,2
sampe sekarang,2
song made,2
ini bagus,2
ini dia,2
hold my,2
hope you,2
how many,2
how to,2
im crying,2
im here,2
im so,2
imagine if,2
in august,2
in indonesia,2
indonesia bagus,2
indonesia di,2
indonesian am,2
indonesian culture this,2
inggris jawa,2
as know,2
to be an,2
to be honest,2
to go,2
to international,2
to the,2
to this song,2
traditional music,2
trending indonesia,2
heard it,2
held in,2
held in indonesia,2
heran kenapa,2
here after,2
at the,2
here because,2
here in,2
harus anda,2
harus anda ketahui,2
harus banget,2
tik tok,2
song on tiktok,2
song so much,2
song the,2
star part,2
star part kowe,2
say this,2
saya begitu,2
saya begitu dingin,2
sebagai orang bodoh,2
sejak tahap,2
sejak tahap pertama,2
sekeren ini,2
after long time,2
again the,2
waiting for,2
waiting for your,2
from indonesian,2
from philippines,2
from suicide,2
from suicide squad,2
gini tidak,2
aura edm,2
gives me,2
go international and,2
gua liat,2
gua tidak,2
gw dengerin,2
harga diri terletak,2
should know java,2
awesome song,2
first heard this,2
for bringing,2
for making,2
for something,2
for something we,2
for the likes,2
for your,2
trending trending,2
udah tahun tapi,2
ur voice,2
very good,2
very very,2
video ini,2
vocals the,2
fifa world,2
fifa world cup,2
first heard,2
seluruh dunia,2
semacam ini,2
semua aturan,2
semua kebenaran,2
semua komen,2
semuanya telah,2
semuanya telah berubah,2
semuanya terjadi,2
semuanya terjadi karena,2
seperti ini,2
seseorang ada,2
sesuatu yang kita,2
setelah tahun,2
dong and,2
dont know,2
dont know who,2
was so shock,2
was western,2
was western song,2
we proud,2
we proud of,2
after long,2
western song,2
easy listening,2
enchantress from,2
even dont,2
far as,2
far as know,2
feel the,2
denger lagu ini,2
denger saja,2
dengerin ini,2
di lidah,2
di lidah katakata,2
di tahun,2
di tiktok,2
dingin dan tidak,2
bagian kowe,2
diri saya,2
diri saya begitu,2
diri seseorang,2
diri seseorang ada,2
diri terletak,2
diri terletak di,2
dislike rb,2
bahasa jawa,2
dan semua,2
dan semua yang,2
dan tak,2
dan tidak berperasaan,2
dan yang,2
dari dulu,2
dari indonesia,2
dari kata,2
dari kata keren,2
dari kesalahan anda,2
dari malaysia,2
dengan lagu,2
dengan lagu ini,2
denger dan,2
denger lagu,2
when she,2
while listening,2
while listening to,2
with modern,2
with this song,2
wong jowo like,2
world cup,2
ada lawan,2
would be,2
culture this,2
damn it,2
dan bahasa,2
dan di,2
dan kutukan,2
bahasa inggris,2
bahasa inggris dan,2
yang tak terhitung,2
yang dari,2
yang sangat,2
yang gak,2
yang harus anda,2
been so,2
bener bener,2
berkata apa,2
berperasaan tetapi,2
berperasaan tetapi satu,2
yang lalu,2
yang masih setia,2
yang nonton,2
yang tak,2
can go,2
can go international,2
came from,2
baru kali ini,2
baru sadar,2
be an,2
be an indonesian,2
bikin lagu,2
bisa berkata,2
bisa berkata apa,2
bisa trending,2
bli bli,2
boneka boneka,2
bang chan,2
wow this,2
wrong if,2
ya ampun,2
yang bagian,2
ziggi zagga look,1
aang and,1
aang and fire,1
abis nonton chit,1
abis nonton lathi,1
abisseriusan suka,1
abisseriusan suka pake,1
abisss budayakan,1
abisss budayakan indonesia,1
about feel,1
about feel amazed,1
young and,1
you your music,1
you your,1
you want weird,1
you want,1
you vibrate the,1
you vibrate,1
you uppsss sorry,1
you uppsss,1
you tryna brought,1
you tryna,1
you sooner thanking,1
you sooner,1
ada akhlak jir,1
actuallyyy this music,1
actuallyyy this,1
banget krn mayan,1
banget krn,1
banget karyanya gue,1
banget karyanya,1
banget karena popularitas,1
banget karena,1
banget kalo udah,1
banget kalo,1
banget jarang musik,1
banget jarang,1
banget ini,1
banget gw gilasihhhh,1
banget gw,1
banget gitu dengerinnya,1
youtube eh,1
youre literally weired,1
banget garapannya,1
banget gamelan lebih,1
banget gamelan,1
banget di buat,1
banget di,1
banget deh,1
banget dan yang,1
banget dan,1
banget dah biasanya,1
banget dah,1
banget cuy indonesia,1
banget cuy,1
banget banyak musisi,1
banget banyak,1
banget masuk chart,1
banget masuk,1
banget sebagai,1
banget sampe keluar,1
banget sampe,1
banget sama suara,1
banget sama ni,1
banget sama lu,1
banget pesannya sangat,1
banget pesannya,1
banget nh lagu,1
banget nh,1
banget musik tradisional,1
banget musik,1
banget memadukan budaya,1
banget memadukan,1
banget gitu,1
banget garapannya diulang,1
banget yang,1
banget ya ampun,1
banget ya,1
banget tanpa plagiat,1
banget tanpa,1
banget sih kalau,1
banget sih ini,1
banget si top,1
banget si,1
banget setelah tau,1
banget setelah,1
banget semangat weird,1
banget semangat,1
banget sebulan sekali,1
banget sebulan,1
banget sebagai orang,1
bangga banget cuy,1
bangettt baru diawal,1
bangettt baru,1
bangett woy,1
bangett perpaduan jawa,1
bangett perpaduan,1
bangett keren salam,1
bangett keren,1
bangetsukses selalu,1
bangetnext level indonesian,1
bangetnext level,1
bangetkesini lagi garagara,1
bangetkesini lagi,1
banget yha tahun,1
banget yha,1
banget yang dislike,1
bangga saja rasanya,1
bangga saja,1
bangga punya wg,1
bangga punya,1
bangga jadi anak,1
bangga jadi,1
bangga indonesia,1
bangga gw,1
bangga dengan karakter,1
bangga dengan indonesia,1
bangga dan tak,1
bangga dan,1
bangga banget setelah,1
bangga banget sebagai,1
bangga banget sama,1
bangga banget gitu,1
bangsa bukan lele,1
bangsa bukan,1
bangsa bisa go,1
bangsa bisa,1
bangkit dan ingin,1
bangkit dan,1
bangganya budaya indonesia,1
bangganya budaya,1
bangga yang sama,1
bangga yang,1
bangga tenan aku,1
bangga tenan,1
bangga sendiri liatnya,1
bangga sendiri,1
bangga sama kksemoga,1
bangga sama,1
banyak org luar,1
banyak org,1
banyak orang yang,1
banyak orang,1
banyak musisi dunia,1
banyak musisi,1
banyak inter stay,1
banyak inter,1
banyak dapat like,1
banyak dapat,1
bangtrus berkarya bangbodo,1
bangtrus berkarya,1
bangsa sndiri kok,1
bangsa sndiri,1
bangsa lebih dari,1
bangsa lebih,1
baru karya,1
baru diawal saja,1
baru diawal,1
baru denger dan,1
baru denger,1
baru dengar seperti,1
baru dengar,1
baru bang arapw,1
baru bang,1
barat jadi kita,1
barat jadi,1
barat hayo,1
banyakin like biar,1
banyakin like,1
banyakan sih bilang,1
banyakan sih,1
bawah ayoo,1
bawa unsur kebudayaan,1
bawa unsur,1
battle scene mode,1
battle scene,1
battaass edm dengan,1
battaass edm,1
bat dibilang ngundang,1
bat dibilang,1
bass left the,1
bass left,1
baru sadar lagu,1
baru sadar ada,1
baru kemarin tulis,1
baru kemarin,1
baru karya anak,1
beautiful and,1
be the top,1
be the,1
be performed on,1
be performed,1
be lot of,1
be lot,1
be lit,1
be insaneeee like,1
be insaneeee,1
be indonesia people,1
be indonesia,1
be honest tiktok,1
be honest this,1
be honest im,1
bawah ayoo monggo,1
because of tiktok,1
because of,1
because its chans,1
because its,1
became realty in,1
became realty,1
beautiful tune,1
beautiful songreally good,1
beautiful songreally,1
beautiful human who,1
beautiful human,1
beautiful especially the,1
beautiful especially,1
beautiful combination that,1
beautiful combination,1
beautiful and harmonious,1
beer this is,1
beer this,1
beenkak react lathi,1
beenkak react,1
been watching this,1
been watching,1
been so proud,1
been so famous,1
been on top,1
been on,1
becomes like this,1
becomes like,1
because uwaww is,1
because uwaww,1
because this is,1
because this,1
belanda di,1
belajar dirumah cuma,1
belajar dirumah,1
bela diri di,1
bela diri,1
behind the scene,1
behind the,1
begitu jeniuuuuskalian luaaaaar,1
begitu jeniuuuuskalian,1
begitu cepat,1
beginning to the,1
beginning to,1
begini tidak tranding,1
begini tidak,1
before everyone find,1
before everyone,1
bener mendunia,1
bener booming awal,1
bener booming,1
bener bener mendunia,1
bener bener bagus,1
bener bagus banget,1
bener bagus,1
bener apa kagak,1
bener apa,1
belum kenal sama,1
belum kenal,1
belum bosen eh,1
belum bosen,1
beli kuota harian,1
beli kuota,1
belanda di salah,1
berasa umur saya,1
berasa umur,1
berarti kau tidak,1
berarti kau,1
berambisi untuk sukses,1
berambisi untuk,1
berakhir dengan sebuah,1
berakhir dengan,1
ber istirahat,1
bentaran lagu weird,1
bentaran lagu,1
beneren tidak ada,1
beneren tidak,1
benerbener cerdas yang,1
benerbener cerdas,1
bener mendunia sih,1
beri dukungan,1
berhenti sampai disini,1
berhenti sampai,1
berharap kawan weird,1
berharap kawan,1
berhantu smpai,1
bergenre edm pertama,1
bergenre edm,1
berenti padahal gua,1
berenti padahal,1
berenti dengerin ini,1
berenti dengerin,1
berenti berenti padahal,1
berenti berenti,1
berbagai negara tidak,1
berbagai negara,1
berkarya bangbodo,1
berkali tetep saja,1
berkali tetep,1
berkali ngeliat ini,1
berkali ngeliat,1
berkali kali bakal,1
berkali kali,1
berkah dan kutukan,1
berkah dan,1
berjuang untuk tidak,1
berjuang untuk,1
berjuang sampe sejauh,1
berjuang sampe,1
beristirahat untuk sejenak,1
beristirahat untuk,1
beri dukungan terbaik,1
berkolaborasi bikin album,1
berkolaborasi bikin,1
berkibar ke seluruh,1
berkibar ke,1
berkata atapun janji,1
berkata atapun,1
berkata apa like,1
berkata apa apasemangat,1
berkat dan kutukan,1
berkat dan,1
berkarya ciptakan musik,1
berkarya ciptakan,1
berkarya buktikan anak,1
berkarya buktikan,1
berkarya boss,1
berkarya bangbodo amat,1
banget asli,1
banget apa lagi,1
banget apa,1
banget anjirrrrrrrr ah,1
banget anjirrrrrrrr,1
banget anjir apalagi,1
banget anjir,1
bangchan stay por,1
bangchan stay,1
bangchan dia amazed,1
bangchan dia,1
bangbodo amat lah,1
bangbodo amat,1
berkualitas sperti,1
berkualitas dong and,1
berkualitas dong,1
berubah semuanya terjadi,1
berubah semuanya,1
berubah it all,1
berubah it,1
bertanya hah ini,1
bertanya hah,1
berperasaan but one,1
berperasaan but,1
berlalu sekarang agustus,1
berlalu sekarang,1
berlalu awal lagu,1
berlalu awal,1
berkualitas sperti ini,1
banget bangetnext level,1
banget bangetnext,1
banget asli merindirngg,1
best lah we,1
best lah buat,1
best huge respect,1
best huge,1
best ever indonesian,1
best ever,1
best asian artist,1
best asian,1
besar lagu dengan,1
besar lagu,1
besar banget banyak,1
besar banget,1
berulang ulang sambil,1
berulang ulang,1
berulaang ulaaangg kali,1
berulaang ulaaangg,1
bett gua kenapa,1
bett gua,1
betina pengikut iblis,1
betina pengikut,1
bestt nyyyeee,1
best witch enchantress,1
best witch,1
best weh ada,1
best weh,1
best song the,1
best song,1
best sih lagunya,1
best sih,1
best performance,1
best masuk di,1
best masuk,1
biar weird genius,1
biar weird,1
biar trendinggila sih,1
biar trendinggila,1
biar trend,1
biar jadi tranding,1
biar jadi,1
bhsa inggris dan,1
bhsa inggris,1
bhs inggris kan,1
bhs inggris,1
bhoso jowo ne,1
bhoso jowo,1
beuhhh apalagi,1
better than this,1
better than,1
biasanya di tiktok,1
biasanya di,1
biasanya ada musik,1
biasanya ada,1
biasa tanpa battaass,1
biasa tanpa,1
biasa gaess parah,1
biasa gaess,1
biasa edaaaan pancen,1
biasa edaaaan,1
biasa dng perpaduan,1
biasa dng,1
biasa dislikeatau memang,1
biasa dislikeatau,1
biasa dalam video,1
biasa dalam,1
bilang ghaib atau,1
bilang ghaib,1
bikin lagu dan,1
bikin lagu bagus,1
bikin karya yang,1
bikin karya,1
bikin kangen tiap,1
bikin kangen,1
bikin bangga indonesia,1
bikin bangga,1
bikin album musik,1
bikin album,1
big thanks to,1
big thanks,1
big chance they,1
big chance,1
bisa di ungkapin,1
bisa di,1
bisa buat musik,1
bisa buat,1
bisa bikin lagu,1
bisa bikin,1
bisa berjuang sampe,1
bisa berjuang,1
bisa bangett keren,1
bisa bangett,1
bingung bagian itu,1
bingung bagian,1
billboard kereennn no,1
billboard kereennn,1
bilang karena bangga,1
bilang karena,1
bisa like berkali,1
bisa like,1
bisa lagunya keren,1
bisa lagunya,1
bisa komentar apa,1
bisa komentar,1
bisa kayak gini,1
bisa kayak,1
bisa juta juni,1
bisa juta,1
bisa go internasional,1
bisa go,1
bisa dinilai dari,1
bisa dinilai,1
bisa dilihat di,1
bisa dilihat,1
bk koe ra,1
bk koe,1
bisa trending yoshhh,1
bisa trending woii,1
bisa tidak trending,1
bisa tidak,1
bisa terus memajukan,1
bisa terus,1
bisa sekali lewat,1
bisa sekali,1
bisa nntn video,1
bisa nntn,1
bisa mengubah segala,1
bisa mengubah,1
bisa mencet kali,1
bisa mencet,1
bln september,1
blm move on,1
blm move,1
bli hilih kintil,1
bli hilih,1
bli bli hilih,1
bli bli bli,1
blessed salam from,1
blessed salam,1
blending of java,1
blending of,1
blend perfectly play,1
blend perfectly,1
black knife,1
bkin good job,1
bkin good,1
bolak balik,1
bokan boneka trending,1
bokan boneka,1
body good job,1
body good,1
body as javanese,1
body as,1
bodoh memilih lagi,1
bodoh memilih,1
bodoh melanggar semua,1
bodoh melanggar,1
bodoh broken all,1
bodoh broken,1
bnget bhsa inggris,1
bnget bhsa,1
bln september sumpah,1
born fool aku,1
boong gua ini,1
boong gua,1
booming awal release,1
booming awal,1
boneka trending nya,1
boneka trending,1
boneka gak jelas,1
boneka gak,1
boneka boneka gak,1
boneka boneka boneka,1
boming di negri,1
boming di,1
bolos cabut sekolah,1
bolos cabut,1
bolak balik tiap,1
bringing many,1
bring me back,1
bring me,1
brian stephanie putri,1
brian stephanie,1
brazil like this,1
brazil like,1
both at the,1
both at,1
bosennya smbil jlan,1
bosennya smbil,1
bosen eh,1
bosen buat denger,1
bosen buat,1
bosan masih dengerin,1
bosan masih,1
bang arapw,1
balinese done javanese,1
balinese done,1
balik tiap tahun,1
balik tiap,1
balik lagi,1
bali agm bali,1
bali agm,1
balek ke sini,1
balek ke,1
bakal gua like,1
bakal gua,1
bringing the,1
bringing out this,1
bringing out,1
bringing many of,1
brother and sister,1
brother and,1
bro tetep semangat,1
bro tetep,1
bro song and,1
bro song,1
bro nostalgia,1
bro mantapp,1
bro gih sana,1
bro gih,1
bro for making,1
bro for,1
bringing the song,1
bang chan yang,1
bang chan for,1
bang arapw bangga,1
buat di puterin,1
buat di,1
buat denger dan,1
buat denger,1
buat backsound nya,1
buat backsound,1
btw nice cgi,1
btw nice,1
btw itu tau,1
btw itu,1
bs trending dari,1
bs trending,1
brought me here,1
brought me,1
brother succes you,1
brother succes,1
budaya dan tari,1
budaya dan,1
buattt kryaa ke,1
buattt kryaa,1
buat yang like,1
buat yang,1
buat story versi,1
buat story,1
buat musisi gitu,1
buat musisi,1
buat musik sebagus,1
buat musik,1
buat lu bro,1
buat lu,1
buat lagu ini,1
buat lagu,1
budek sama,1
budayakan negara sendiri,1
budayakan negara,1
budayakan indonesia ta,1
budayakan indonesia,1
budaya tergeser jaman,1
budaya tergeser,1
budaya kita yang,1
budaya kita like,1
budaya jawaaaa sumpah,1
budaya jawaaaa,1
budaya indonesiakejaweny keren,1
budaya indonesiakejaweny,1
budaya indonesia the,1
budaya indonesia disajikan,1
budaya indonesia bisa,1
bulan tembus,1
bulan puasa masa,1
bulan puasa,1
bulan desember,1
buktikan anak bangsa,1
buktikan anak,1
bukanlah hal yang,1
bukanlah hal,1
bukan untuk sesuatu,1
bukan untuk,1
bukan orang indonesia,1
bukan orang,1
bukan lele,1
bukan boneka boneka,1
bukan boneka,1
budek sama buta,1
but do,1
but didnt open,1
but didnt,1
but damn was,1
but damn,1
but cant feel,1
but cant,1
but again you,1
but again,1
bung karno pasti,1
bung karno,1
bump when the,1
bump when,1
bumi ini beristirahat,1
bumi ini,1
bulan tembus jt,1
by his,1
buta kali,1
but yet still,1
but yet,1
but wow when,1
but wow,1
but they dont,1
but they,1
but really love,1
but really,1
but rather the,1
but rather,1
but one this,1
but love it,1
but love,1
but do with,1
came from indonesia,1
cambodia love this,1
cambodia love,1
called as masterpiece,1
called as,1
call in art,1
call in,1
cada vez mas,1
cada vez,1
cacian dan direndahkan,1
cacian dan,1
cabut sekolah pas,1
cabut sekolah,1
by indonesia wow,1
by indonesia,1
by his words,1
can say,1
can really relate,1
can really,1
can not run,1
can not,1
can feel the,1
can feel,1
can do it,1
can do,1
can combine our,1
can combine,1
campurkan dengan musik,1
campurkan dengan,1
came here after,1
came here,1
came from the,1
cant find this,1
cant find,1
cant feel it,1
cant feel,1
cannot stop heard,1
cannot stop,1
candu karya yang,1
candu karya,1
cancin es genial,1
cancin es,1
canberra australia,1
can we all,1
can we,1
can someone tell,1
can someone,1
can say this,1
cari nafkah dari,1
cari nafkah,1
cara penghargaan buat,1
cara penghargaan,1
cant wait for,1
cant wait another,1
cant stop listening,1
cant stop,1
cant say anything,1
cant say,1
cant run from,1
cant run,1
cant imagine this,1
cant imagine,1
cant get rid,1
cant get,1
certainly know how,1
certainly know,1
cerita sama akukalian,1
cerita sama,1
cerita kehidupan ajining,1
cerita kehidupan,1
cerita cinta itu,1
cerita cinta,1
cerdas yang bikin,1
cerdas yang,1
cepet kelar project,1
cepet kelar,1
ceoatnua waktu berlalu,1
ceoatnua waktu,1
cause this song,1
cause this,1
chance they,1
chan yang dimana,1
chan yang,1
chan se vea,1
chan se,1
chan for bringing,1
chan for,1
chan bring me,1
chan bring,1
chan and stays,1
chan and,1
challenge this is,1
challenge this,1
cgi effect,1
cetik alat musik,1
cetik alat,1
chaos at my,1
chaos at,1
chans room todayy,1
chans room emang,1
chans room and,1
chans live thank,1
chans live,1
channie already love,1
channie already,1
changes are inevitable,1
changes are,1
changed semuanya telah,1
changed semuanya,1
changed into english,1
changed into,1
chance they will,1
chorus take role,1
chorus take,1
chorus cant wait,1
chorus cant,1
choose kuda lumping,1
choose kuda,1
chit chat yang,1
chit chat,1
chills all over,1
chills all,1
chat yang ngundang,1
chat yang,1
chat with left,1
chat with,1
chart musik dan,1
chart musik,1
class song,1
cita krn hinaan,1
cita krn,1
ciptakan musik edm,1
ciptakan musik,1
ciptaan nya weird,1
ciptaan nya,1
cintabudayaindonesia ayoviralkan,1
cinta pangeran terhadap,1
cinta pangeran,1
cinta itu berakhir,1
cinta itu,1
cinta ini adalah,1
cinta ini,1
cinta adalah berkat,1
cinta adalah,1
bahwa persatuan tidak,1
bahwa persatuan,1
bahwa mereka dihargai,1
bahwa mereka,1
bahwa ini semua,1
bahwa ini,1
bahwa dia akan,1
bahwa dia,1
bahwa cinta ini,1
bahwa cinta,1
bahkan tidak tahu,1
bahkan tidak,1
bahaya ini utk,1
bahaya ini,1
clip it,1
class song dude,1
combination that,1
collabed with stray,1
collabed with,1
collab with alan,1
collab with,1
coh ngeri lurr,1
coh ngeri,1
cocok buat backsound,1
cocok buat,1
coba dong jawa,1
coba dong,1
clip nya ganasss,1
clip nya,1
clip it must,1
bakal bisa sekali,1
bakal bisa,1
commented because,1
coming from indonesia,1
coming from,1
comes from suicide,1
comes from,1
comeback here again,1
comeback here,1
come here because,1
come here,1
combining edm culture,1
combining edm,1
combined with indonesias,1
combined with,1
combine our traditional,1
combine our,1
combination that symbolizes,1
concept with modern,1
concept with,1
concept of clip,1
concept of,1
concept love the,1
concept love,1
compose the song,1
compose the,1
completely epic,1
compete in eurovision,1
compete in,1
comments me thinking,1
comments me,1
comments are indonesian,1
comments are,1
commented because this,1
controls others,1
control in toxic,1
control in,1
contest this song,1
contest this,1
contest theres big,1
contest theres,1
contain of indonesia,1
contain of,1
connection with this,1
connection with,1
congtatzzz bro,1
congratulations weird genius,1
congratulations weird,1
congrats and thanks,1
congrats and,1
courage to take,1
courage to,1
courage that remains,1
courage that,1
country they deserve,1
country they,1
country such an,1
country such,1
country apa cuma,1
country apa,1
countless pain mendorong,1
cool geez have,1
cool geez,1
cool blending of,1
cool blending,1
controls others dominantly,1
cuk sekelas global,1
cuk sekelas,1
crying to hear,1
crying to,1
crying or is,1
crying or,1
crews who were,1
crews who,1
covid udah tahun,1
covid udah,1
covid ternyata bisa,1
covid ternyata,1
covid dimana mana,1
covid dimana,1
covid di mana,1
covid di,1
culture jaipong tune,1
culture jaipong,1
culture is so,1
culture is,1
culture inside,1
culture and western,1
culture and,1
culture amazed me,1
culture amazed,1
culture agnez mo,1
culture agnez,1
cultural combinations,1
culametan trending hadeuhhh,1
culametan trending,1
cukup general toxic,1
cukup general,1
culture you tryna,1
culture you,1
culture with thick,1
culture with,1
culture well played,1
culture well,1
culture very beautiful,1
culture very,1
culture this song,1
culture this is,1
culture thank greetings,1
culture thank,1
culture remix,1
culture music,1
culture mix with,1
culture mix,1
cuman tauku sepenggalan,1
cuman tauku,1
cumah di bilang,1
cumah di,1
cuma untuk viral,1
cuma untuk,1
cuma scroll tiktok,1
cuma scroll,1
cuma lathi yang,1
cuma lathi,1
cuma konten sampah,1
cuma konten,1
cuma keliling indonesia,1
cuma keliling,1
cultures maybe the,1
cultures maybe,1
cuz theres indonesian,1
cuz theres,1
cuz never heard,1
cuz never,1
cuz dont know,1
cuz dont,1
cuy indonesia punya,1
cuy indonesia,1
curse dan yang,1
curse dan,1
cup official music,1
cup official,1
cup indonesia lathi,1
cup indonesia,1
cung yang masih,1
cung yang,1
dah tua saja,1
dah tua,1
dah tetep saja,1
dah tetep,1
dah tangan,1
dah tambah tahun,1
dah tambah,1
dah days,1
dah biasanya di,1
dah biasanya,1
dah biasa dislikeatau,1
dah biasa,1
daerah ku jaranan,1
daerah ku,1
dadi wong jowo,1
dadi wong,1
damn it ur,1
dalam video permusikan,1
dalam video,1
dalam project ini,1
dalam project,1
dalam nya,1
dalam ni gempak,1
dalam ni,1
dalam lagu ini,1
dalam lagu,1
dalam jt view,1
dalam jt,1
dalam hati gw,1
dalam hati,1
dalam berkata atapun,1
dalam berkata,1
damnnn muchh salute,1
damnnn muchh,1
damn was wrong,1
damn was,1
damn the javanese,1
damn the,1
damn my grammar,1
damn my,1
damn merinding anj,1
damn merinding,1
damn man this,1
damn man,1
damn lathi been,1
damn lathi,1
damn its an,1
damn its,1
dan di ulang,1
dan di ini,1
dan budaya indonesiakejaweny,1
dan budaya,1
dan buat yang,1
dan buat,1
dan bangga banget,1
dan bangga,1
dan bahasa jawa,1
dan bahasa inggrisnya,1
dan atraksi ekstrim,1
dan atraksi,1
dan aku masih,1
dan aku,1
dan akhirnya cuma,1
dan akhirnya,1
dan jt,1
dan jawa di,1
dan jawa,1
dan ingris,1
dan ingin membuktikan,1
dan ingin,1
dan harapan bahwa,1
dan harapan,1
dan giliran gw,1
dan giliran,1
dan emang gabisa,1
dan emang,1
dan dislike rb,1
dan dislike,1
dan direndahkan mbuatnya,1
dan direndahkan,1
dan memadukan musik,1
dan memadukan,1
dan megah,1
dan makna lagu,1
dan makna,1
dan kutukan telah,1
dan kt kehilangan,1
dan kt,1
dan kometar setuju,1
dan kometar,1
dan kengen lagu,1
dan kengen,1
dan kenapa tidak,1
dan kenapa,1
dan kebudayaan,1
dan jt likes,1
bahasa indonesia,1
bagusss banget pesannya,1
bagusss banget,1
baguss banget asli,1
baguss banget,1
bagus salam dari,1
bagus salam,1
bagus plus keren,1
bagus plus,1
dan nonton,1
dan musiknyaterima kasih,1
dan musiknyaterima,1
dan music vidio,1
dan music,1
dan minat masyarakat,1
dan minat,1
dan tidak terkesan,1
dan tari jawa,1
dan tari,1
dan tak bisa,1
dan tak berperasaan,1
dan sepecahhh ini,1
dan sepecahhh,1
dan seni tari,1
dan seni,1
dan penghasilannya kecil,1
dan penghasilannya,1
dan nonton video,1
bahasa jawa dan,1
bahasa inggrisnya dicampur,1
bahasa inggrisnya,1
bahasa indonesia nya,1
dance version dari,1
dance version,1
dance to this,1
dance to,1
dance is cool,1
dance is,1
dance ilustrates the,1
dance ilustrates,1
dan you are,1
dan you,1
dan yap tahun,1
dan yap,1
dan yang kutahu,1
dan yang gak,1
dan trending lagunya,1
dan trending,1
dapet piala,1
dapat melarikan diri,1
dapat melarikan,1
dapat like ya,1
dapat like,1
dap pokok,1
dann please jgn,1
dann please,1
dang bro song,1
dang bro,1
dancing gamelan also,1
dancing gamelan,1
dancing edm gamelan,1
dancing edm,1
dancer the way,1
dancer the,1
dari jaman,1
dari indonesia yang,1
dari indonesia lestarilah,1
dari dulumusiknya kerenyahhhh,1
dari dulumusiknya,1
dari dulu selalu,1
dari dulu gw,1
dari dari kesalahan,1
dari dari,1
dari dan kengen,1
dari dan,1
dari berbagai negara,1
dari berbagai,1
dari anak th,1
dari anak,1
dapet piala musik,1
dari perkataan,1
dari nonton masih,1
dari nonton,1
dari million dance,1
dari million,1
dari masa depan,1
dari masa,1
dari lisannya dalam,1
dari lisannya,1
dari lagu tiktod,1
dari lagu,1
dari kesalahan kehormatan,1
dari kesalahan ajining,1
dari kalimantan sulawesi,1
dari kalimantan,1
dari jaman pertama,1
darkside nya itu,1
darkside nya,1
darkgothic story nya,1
darkgothic story,1
darkest side that,1
darkest side,1
dari tari dan,1
dari tari,1
dari tahap pertama,1
dari tahap,1
dari segi konsep,1
dari segi,1
dari rusia,1
dari reza arab,1
dari reza,1
dari perkataan mu,1
deltarune black knife,1
deltarune black,1
deep lov this,1
deep lov,1
dedemit youtube siipi,1
dedemit youtube,1
decir que la,1
decir que,1
decided to dance,1
decided to,1
debo decir que,1
debo decir,1
de la chica,1
de la,1
day may god,1
day may,1
dengan sebuah,1
dengan musik tradisional,1
dengan musik,1
dengan like terbanyak,1
dengan like,1
dengan karakter indonesia,1
dengan karakter,1
dengan indonesia,1
dengan epic bahaya,1
dengan epic,1
dengan bagian drop,1
dengan bagian,1
demi mengpresiasi karya,1
demi mengpresiasi,1
demi allah keren,1
demi allah,1
dengar pasti,1
dengar musik ini,1
dengar musik,1
dengar ini ngumpul,1
dengar ini,1
dengar di tahun,1
dengar di,1
dengan weird genius,1
dengan weird,1
dengan video ini,1
dengan video,1
dengan versi transisi,1
dengan versi,1
dengan unsur budaya,1
dengan unsur,1
dengan sebuah kutukan,1
bagus kayak gini,1
bagus kayak,1
bagus gabungan jawa,1
bagus gabungan,1
bagus bangett woy,1
bagus bangett,1
bagus banget si,1
bagus banget deh,1
bagus banget dan,1
bagus banget apa,1
bagian lirik jawa,1
dengarin sampe sekarang,1
dengarin sampe,1
dengar seperti yang,1
dengar seperti,1
dengar pasti merinding,1
denger saja ketiga,1
denger saja kedua,1
denger nya,1
denger ni lagu,1
denger ni,1
denger lagunya pokoknya,1
denger lagunya,1
denger ini merasa,1
denger ini,1
denger dan nonton,1
denger dan kenapa,1
denger banget,1
bagus parah bahasa,1
bagus parah,1
bagus kek gini,1
bagus kek,1
dengerin lagunya gw,1
dengerin lagunya,1
dengerin lagu sampe,1
dengerin lagu sampai,1
dengerin lagu ini,1
dengerin lagu apa,1
dengerin lagi pakai,1
dengerin lagi,1
dengerin ini tidak,1
dengerin ini mungkin,1
dengerin di th,1
dengerin di,1
dengerin berkali tetep,1
dengerin berkali,1
denger suara kek,1
denger suara,1
depan tahun,1
denying all for,1
dengerinnya harus go,1
dengerinnya harus,1
dengerin sampe sekarang,1
dengerin sampe,1
dengerin pun masih,1
dengerin pun,1
dengerin musik nya,1
dengerin musik,1
dengerin masih gak,1
dengerin masih,1
dengerin mantepp sluurrr,1
dengerin mantepp,1
dengerin lathi ditahun,1
dengerin lathi,1
deying all of,1
deying all,1
dewi persik nyanyi,1
dewi persik,1
desire to do,1
desire to,1
deserves more viewers,1
deserves more,1
deserve world attention,1
deserve world,1
deserve moreeeee,1
deserve better than,1
deserve better,1
describes the feelings,1
describes the,1
depan tahun inget,1
di buat story,1
di buat,1
di billboard kereennn,1
di billboard,1
di bilang ghaib,1
di bilang,1
di beranda,1
di belanda di,1
di belanda,1
di bawah ayoo,1
di bawah,1
di bagian lirik,1
di bagian,1
di ada,1
dg setanumahku nang,1
dg setanumahku,1
di duniabiar indonesia,1
di duniabiar,1
di dunia,1
di dislike ya,1
di dislike,1
di didengerin berulaang,1
di didengerin,1
di dengernyaaa,1
di denger banget,1
di denger,1
di dalam nya,1
di dalam,1
di campurkan dengan,1
di campurkan,1
di bumi ini,1
di bumi,1
di lagu,1
di kepala bangga,1
di kepala,1
di kemas dengan,1
di kemas,1
di kasih,1
di internasional semangat,1
di internasional,1
di ini gapernah,1
di ini,1
di indonesia make,1
di indonesia bagus,1
di film horor,1
di film,1
di emang arap,1
di emang,1
di penghujung,1
di pen nonton,1
di pen,1
di negri sendiri,1
di negri,1
di negara ini,1
di negara,1
di music international,1
di music,1
di mana seluruh,1
di mana,1
di lisannya seseorang,1
di lisannya,1
di lathi versi,1
di lathi,1
di lagu ini,1
di tambah,1
di sini gua,1
di sini,1
di siapa saja,1
di siapa,1
di setel sampe,1
di setel,1
di sangka mengejutkan,1
di sangka,1
di salah satu,1
di salah,1
di remix ama,1
di remix,1
di puterin lagu,1
di puterin,1
di penghujung tahun,1
dia amazed dengan,1
dia amazed,1
dia akan berhasil,1
dia akan,1
di youtube itu,1
di youtube,1
di ungkapin,1
di ulang jujur,1
di ulang,1
di ucapan menurut,1
di ucapan,1
di tiktok dengan,1
di tiktok cuman,1
di th hadir,1
di th,1
di tambah musikny,1
diawal saja udah,1
diawal saja,1
diangkat ke internasional,1
diangkat ke,1
dia yang ku,1
dia yang,1
dia pun heran,1
dia pun,1
dia pertama kali,1
dia pertama,1
dia paling bingung,1
dia paling,1
dia keren jg,1
dia keren,1
dia di film,1
dia di,1
didnt open it,1
didnt open,1
didengerin berulaang ulaaangg,1
didengerin berulaang,1
didenger dan tidak,1
didenger dan,1
did the tiktok,1
did the,1
dicampur tapi enak,1
dicampur tapi,1
dicampur dengan lagu,1
dicampur dengan,1
dibuat secara tidak,1
dibuat secara,1
dibilang ngundang setan,1
dibilang ngundang,1
dimana mana belajar,1
dimana mana,1
dimana dia pertama,1
dimana dia,1
dimana covid dimana,1
dimana covid,1
dilihat di sini,1
dilihat di,1
dilahirkan sebagai orang,1
dilahirkan sebagai,1
dikemas secara apik,1
dikemas secara,1
dikantor krn ada,1
dikantor krn,1
dihargai agar usaha,1
dihargai agar,1
direndahkan mbuatnya,1
director is reza,1
director is,1
dipublish jt view,1
dipublish jt,1
diomong kancanan karo,1
diomong kancanan,1
dinilai dari lisannya,1
dinilai dari,1
dingin dan tak,1
dina ngalakukeun bela,1
dina ngalakukeun,1
dimensi laindunia penuh,1
dimensi laindunia,1
dimana pun itu,1
dimana pun,1
bagian kowe iso,1
bagian itu kalau,1
bagian itu,1
bagian drop sampai,1
bagian drop,1
bagian arasnsemen jawa,1
bagian arasnsemen,1
bagi yang membaca,1
bagi yang,1
bagi negara mau,1
bagi negara,1
bad word nudity,1
bad word,1
diri ada di,1
diri ada,1
direndahkan mbuatnya bangkit,1
dirumah saja,1
dirumah cuma scroll,1
dirumah cuma,1
diriku begitu dingin,1
diriku begitu,1
diri soko lathi,1
diri soko,1
diri sendiri salut,1
diri sendiri,1
diri ono neng,1
diri di lathi,1
diri di,1
diri dari kesalahan,1
diri dari,1
bagian lirik,1
bagian kowe raiso,1
disini dukung yang,1
disini dukung,1
disekolah ku bener,1
disekolah ku,1
disek boss,1
disebutnya yang mana,1
disebutnya yang,1
discovered this song,1
discovered this,1
disangkain tombol dowload,1
disangkain tombol,1
disajikan sebagus ini,1
disajikan sebagus,1
disaat nanti saat,1
disaat nanti,1
dirumahaja psbb,1
dislike sebanyak itu,1
dislike sebanyak,1
dislike rb subs,1
dislike rb dalam,1
dislike pasti orang,1
dislike pasti,1
dislike maslhhnya apaan,1
dislike maslhhnya,1
dislike heran gua,1
dislike heran,1
dislike generasi tiktok,1
dislike generasi,1
dislike fix yang,1
dislike fix,1
disini go internasional,1
disini go,1
ditonton juta like,1
ditonton juta,1
ditahun masih ada,1
ditahun masih,1
disurga bangga dengan,1
disurga bangga,1
distancing yang semua,1
distancing yang,1
dislikeatau memang gasuka,1
dislikeatau memang,1
dislike yang dislike,1
dislike yang,1
dislike ya padahal,1
dislike ya,1
dislike sering nonton,1
dislike sering,1
do with,1
do things fire,1
do things,1
do it,1
dngan ke aripan,1
dngan ke,1
dng perpaduan musik,1
dng perpaduan,1
dn lagu indonesia,1
dn lagu,1
dj is on,1
dj is,1
diulangulang ini drop,1
diulangulang ini,1
diulang ulang belum,1
diulang ulang,1
done javanese,1
donald trump tepuk,1
donald trump,1
dominantly glass eater,1
dominantly glass,1
dominance control in,1
dominance control,1
doang puter kali,1
doang puter,1
doain go internasional,1
doain go,1
do you want,1
do you,1
do wrong if,1
do wrong,1
do with this,1
dont come here,1
dont come,1
dong saya terlahir,1
dong saya,1
dong react lathi,1
dong react,1
dong kak react,1
dong kak,1
dong jawa,1
dong and was,1
dong and just,1
done perfectly good,1
done perfectly,1
done next sundanese,1
done next,1
done javanese done,1
backsound nya,1
back to this,1
back to,1
back then but,1
back then,1
baca komentar yang,1
baca komentar,1
babylets goooooooo,1
ayoo monggo coba,1
ayoo monggo,1
ayok guys tembuskan,1
ayok guys,1
ayo viral kan,1
dont understand,1
dont feel the,1
dont feel,1
dr awal ini,1
dr awal,1
dpt mengangkat budaya,1
dpt mengangkat,1
dope wish had,1
dope wish,1
dope tiktok hippity,1
dope tiktok,1
dope the melody,1
dope the,1
dope asf would,1
dope asf,1
dont understand what,1
bacot orang yng,1
bacot orang,1
backsound nya solo,1
dude must go,1
dude must,1
dude as javanese,1
dude as,1
drop sampai diulangulang,1
drop sampai,1
drop like wtf,1
drop like,1
drop kok bisa,1
drop kok,1
dri negeri menuju,1
dri negeri,1
dri lagu lathi,1
dri lagu,1
dr sma sudah,1
dr sma,1
dulu selalu,1
dulu ini dengerin,1
dulu ini,1
dulu gw pengen,1
dulu gw,1
dukungan terbaik terbanyak,1
dukungan terbaik,1
dukung yang memberikan,1
dukung yang,1
dukung weird genius,1
dukung weird,1
dugeman gledek ojo,1
dugeman gledek,1
dugem wgyo,1
dugem wg troboss,1
dugem wg,1
eargasm for,1
duniabiar indonesia populer,1
duniabiar indonesia,1
dunia yang belum,1
dunia yang,1
dunia donald trump,1
dunia donald,1
dunia ber istirahat,1
dunia ber,1
dunia agnez mo,1
dunia agnez,1
dulumusiknya kerenyahhhh benerbener,1
dulumusiknya kerenyahhhh,1
dulu sempat mendunia,1
dulu sempat,1
dulu selalu merindig,1
edit satu,1
edit pin me,1
edit pin,1
edaaaan pancen istimewa,1
edaaaan pancen,1
eating lamp and,1
eating lamp,1
eater symbol of,1
eater symbol,1
eater embrace your,1
eater embrace,1
easy listening video,1
easy listening dan,1
earth alffy rev,1
earth alffy,1
eargasm for us,1
editwahhthanks for,1
editor so how,1
editor so,1
editing thought this,1
editing thought,1
edited thanks for,1
edited thanks,1
edited thank you,1
edited thank,1
editan parody gwp,1
editan parody,1
edit yo ngono,1
edit yo,1
edit tan ama,1
edit tan,1
edit satu hari,1
edm gamelan mantap,1
edm gamelan keren,1
edm gamelan auto,1
edm dengan unsur,1
edm dengan,1
edm dancing gamelan,1
edm dancing,1
edm dan emang,1
edm dan,1
edm culture with,1
edm culture,1
edm aura edm,1
edm aura,1
edm anjayy nyampe,1
edm anjayy,1
editwahhthanks for likes,1
edmtradisional bikin bangga,1
edmtradisional bikin,1
edmjawagamelan dan music,1
edmjawagamelan dan,1
edm yang berkualitas,1
edm yang,1
edm udah keren,1
edm udah,1
edm tradisional yang,1
edm tradisional,1
edm pertama dari,1
edm pertama,1
edm gracias bangchan,1
edm gracias,1
edm gamelan the,1
edm gamelan merasa,1
eka gustiwana,1
eka gerald sara,1
eka gerald,1
eka bigrespect,1
eh ketemu sama,1
eh ketemu,1
eh ini harus,1
eh ini,1
eh anjirr sumpah,1
eh anjirr,1
efek song jawa,1
efek song,1
efek pas darkside,1
efek pas,1
edmxgamelan ini punya,1
edmxgamelan ini,1
emang jenius,1
emang gabisa boong,1
emang gabisa,1
emang arap ini,1
emang arap,1
eletric dan budaya,1
eletric dan,1
elements makes listeners,1
elements makes,1
el tono vocal,1
el tono,1
el puente cada,1
el puente,1
ekstrim jawa dan,1
ekstrim jawa,1
eka gustiwana produce,1
emg keren,1
emerges from someone,1
emerges from,1
embrace your soul,1
embrace your,1
emang udah suka,1
emang udah,1
emang the best,1
emang the,1
emang seenak itusuka,1
emang seenak,1
emang pecah lathi,1
emang pecah,1
emang kurang suka,1
emang kurang,1
emang jenius good,1
enchantress do wrong,1
enchantress do,1
enchantress dngan ke,1
enchantress dngan,1
encanta el puente,1
encanta el,1
enak didenger dan,1
enak didenger,1
enak dibaca,1
enak di denger,1
enak di,1
empat terobos ajalah,1
empat terobos,1
emg seneng banget,1
emg seneng,1
emg keren banget,1
endi suarane edit,1
endi suarane,1
endi iki,1
end nothing was,1
end nothing,1
end edit pin,1
end edit,1
enchantress yo,1
enchantress weird genius,1
enchantress weird,1
enchantress the darkest,1
enchantress the,1
enchantress lightning rage,1
enchantress lightning,1
enchantress from the,1
enchantress from suicide,1
epic bahaya ini,1
epic bahaya,1
entah kenapa aku,1
entah kenapa,1
entah karena bangga,1
entah karena,1
englishpushing through the,1
englishpushing through,1
english so bad,1
english so,1
english it becomes,1
english it,1
english comments me,1
english comments,1
ends too soon,1
ends too,1
especially the chorus,1
especially the,1
especially javanese culture,1
especially javanese,1
es genial as,1
es genial,1
era ini pls,1
era ini,1
epic song exist,1
epic song,1
epic parah sih,1
epic parah,1
epic godamnit krna,1
epic godamnit,1
epic begini tidak,1
epic begini,1
ever collabed with,1
ever collabed,1
events that held,1
events that,1
even though im,1
even though,1
even in their,1
even in,1
even dont understand,1
even dont know,1
eurovision song contest,1
eurovision song,1
ethics in speaking,1
ethics in,1
esto tena video,1
esto tena,1
everythings amazing im,1
everythings amazing,1
everything are so,1
everything are,1
everyone find this,1
everyone find,1
everyone dope tiktok,1
everyone dope,1
every time the,1
every time,1
every single watched,1
every single,1
every lyric plus,1
every lyric,1
ever indonesian tradition,1
ever indonesian,1
fallen in love,1
fallen in,1
fajiraaa and all,1
fajiraaa and,1
fajira mas aku,1
fajira mas,1
fajira jatoh merinding,1
fajira jatoh,1
fajira goes famous,1
fajira goes,1
exist tiktok its,1
exist tiktok,1
ex limkokwing student,1
ex limkokwing,1
evil enchantress the,1
evil enchantress,1
februari like,1
fckn great,1
fckin epic godamnit,1
fckin epic,1
fb ada yang,1
fb ada,1
favorite song song,1
favorite song,1
fantastik edit satu,1
fantastik edit,1
fan from indonesia,1
fan from,1
famous rising well,1
famous rising,1
famous back then,1
famous back,1
feliz debo,1
feelings when that,1
feelings when,1
feelings of the,1
feelings of,1
feel the purpose,1
feel the pain,1
feel okay should,1
feel okay,1
feel it the,1
feel it,1
feel amazed cuz,1
feel amazed,1
februari menjelang puasa,1
februari menjelang,1
februari like mlzzz,1
find this song,1
find this on,1
find this at,1
find it and,1
find it,1
film para betina,1
film para,1
film horor selalu,1
film horor,1
fight the lies,1
fight the,1
fiery desire to,1
fiery desire,1
few month and,1
few month,1
feliz debo decir,1
ayo trending kan,1
ayo trending,1
ayo lah tembusin,1
ayo lah,1
awsome and can,1
awsome and,1
awesome this is,1
awesome this,1
awesome song ive,1
awesome song hope,1
awesome had shiver,1
awesome had,1
fire lord ozai,1
fire lord,1
fire eater symbol,1
fire eater,1
fix yang,1
fix ini sih,1
fix ini,1
fit sooo well,1
fit sooo,1
first time listen,1
first time hearing,1
first time heard,1
first stage turun,1
first sentences became,1
first sentences,1
first on chans,1
first on,1
ayo viral,1
ayo trendingkan biar,1
ayo trendingkan,1
for fifa,1
for english comments,1
for english,1
for bringing out,1
for bringing many,1
for any international,1
for any,1
for all people,1
for all,1
fool aku dilahirkan,1
fool aku,1
flamethrower guy illustrates,1
flamethrower guy,1
flag on himalaya,1
flag on,1
fix yang beli,1
for the truth,1
for reason itu,1
for next new,1
for next,1
for mama really,1
for mama,1
for making this,1
for making song,1
for likes ive,1
for likes,1
for itu bukan,1
for itu,1
for it on,1
for gmmtv to,1
for gmmtv,1
for fifa world,1
away from mistakes,1
away from,1
award like dan,1
award like,1
awal release live,1
awal release,1
awal lagu ini,1
awal lagu,1
awal ini lagu,1
awal ini,1
awak wong jowo,1
awak wong,1
avatar overalli love,1
avatar overalli,1
for this one,1
for this,1
found you,1
found out its,1
found out,1
fought for itu,1
forget this song,1
forget this,1
for your works,1
for your another,1
for us just,1
for us,1
for tradision majapahit,1
for tradision,1
for tik tok,1
for tik,1
awesome glad to,1
awesome glad,1
from brazil like,1
from brazil,1
from bangladesh,1
from australia,1
from an indonesian,1
from an,1
friends love fr,1
friends love,1
friend how many,1
friend how,1
free real estate,1
free real,1
fr malaysia,1
founght for never,1
founght for,1
found you sooner,1
from into may,1
from into,1
from international artist,1
from international,1
from indonesian industry,1
from indonesian in,1
from indonesia mixed,1
from indonesia jawa,1
from indonesia if,1
from india,1
from chans room,1
from chans,1
from canberra australia,1
from canberra,1
from cambodia love,1
from cambodia,1
from south korea,1
from south,1
from someone after,1
from someone,1
from philippines at,1
from my student,1
from my own,1
from my mom,1
from morocco,1
from mistakessomeones pride,1
from mistakessomeones,1
from mistakes selfesteem,1
from mistakes,1
from malaysian,1
from malaysia but,1
from malaysia,1
fucking niceeeeee love,1
fucking niceeeeee,1
from westerners and,1
from westerners,1
from various cultures,1
from various,1
from tiktok thought,1
from tiktok,1
from this song,1
from this,1
from the man,1
from the challenge,1
from the beginning,1
from the avatar,1
from the another,1
from suriname,1
gaada tambahan,1
gaada kaitan dg,1
gaada kaitan,1
fyp tiktok dewi,1
fyp tiktok,1
fyp gak kerasa,1
fyp gak,1
further the way,1
further the,1
full nya,1
full inggris ternyata,1
full inggris,1
full bass left,1
full bass,1
fuhh best weh,1
fuhh best,1
gajelas dengerin,1
gaesssss tembus jt,1
gaesssss tembus,1
gaess parah dah,1
gaess parah,1
gaess neng kene,1
gaess neng,1
gaes gimana editan,1
gaes gimana,1
gabungan jawa dan,1
gabungan jawa,1
gabungan inggris jawa,1
gabungan inggris,1
gabisa boong gua,1
gabisa boong,1
gaada tambahan tombol,1
gak pantes,1
gak paham dengerin,1
gak paham,1
gak like parah,1
gak like,1
gak jelas ini,1
gak jelas,1
gak bisa komentar,1
gak bisa,1
gak bakal bisa,1
gak bakal,1
gak ada lawan,1
gak ada,1
gajelas kek yang,1
gajelas kek,1
gajelas dengerin masih,1
gamelan auto,1
gamelan aura edm,1
gamelan aura,1
gamelan also dancing,1
gamelan also,1
gak trending indonesia,1
gak trending,1
gak terasa udah,1
gak terasa,1
gak sukakenapa gak,1
gak sukakenapa,1
gak sukahadeuhhh pokoknya,1
gak sukahadeuhhh,1
gak suka bagus,1
gak suka,1
gak pantes cuma,1
gamelan the,1
gamelan nyanyian jawa,1
gamelan nyanyian,1
gamelan merasa kesurupan,1
gamelan merasa,1
gamelan mantap,1
gamelan makin ketengah,1
gamelan makin,1
gamelan lebih dari,1
gamelan lebih,1
gamelan lalu bertanya,1
gamelan lalu,1
gamelan keren,1
gamelan ini diangkat,1
gamelan ini,1
gamelan auto kesurupan,1
garagara chans,1
garagara abis nonton,1
garagara abis,1
gara gara fyp,1
gara gara,1
gara fyp tiktok,1
gara fyp,1
gaptek disangkain tombol,1
gaptek disangkain,1
gapernah bosen buat,1
gapernah bosen,1
ganasss darkgothic story,1
ganasss darkgothic,1
gamer and can,1
gamer and,1
gamelan the conjuring,1
gasuka dan,1
gasuka banget kalo,1
gasuka banget,1
gasss go international,1
gasss go,1
gass to international,1
gass to,1
gass loss tidak,1
gass loss,1
gass jt lurr,1
gass jt,1
gas terus smpe,1
gas terus,1
garapannya diulang ulang,1
garapannya diulang,1
garagara chans room,1
genius collab,1
genial as que,1
genial as,1
generasi tiktok itu,1
generasi tiktok,1
general toxic relationship,1
general toxic,1
gempak la indonesia,1
gempak la,1
geez have commented,1
geez have,1
gave me chills,1
gave me,1
gatau kenapa kek,1
gatau kenapa,1
gasuka dan buat,1
genius mendunia,1
genius membuat music,1
genius membuat,1
genius lah btw,1
genius lah,1
genius how they,1
genius how,1
genius hold my,1
genius hold,1
genius for making,1
genius for,1
genius emang jenius,1
genius emang,1
genius dapet piala,1
genius dapet,1
genius collab with,1
genius theyre deserve,1
genius theyre,1
genius tetep bikin,1
genius tetep,1
genius suka banget,1
genius suka,1
genius sih,1
genius siapa tau,1
genius siapa,1
genius seperti rich,1
genius seperti,1
genius or wg,1
genius or,1
genius mother earth,1
genius mother,1
genius mendunia ayo,1
get my anger,1
get my,1
get goosebump every,1
get goosebump,1
gerald sara and,1
gerald sara,1
genrenya edm dan,1
genrenya edm,1
geniusm of arap,1
geniusm of,1
geniuskalian membuat lagu,1
geniuskalian membuat,1
genius you vibrate,1
genius you,1
genius yo,1
genius yes,1
gifted graduation ost,1
gifted graduation,1
ghosts are unreal,1
ghosts are,1
ghaib atau gimanalah,1
ghaib atau,1
gg bangga gw,1
gg bangga,1
getting hurts kuda,1
getting hurts,1
get to be,1
get to,1
get rid of,1
get rid,1
get on tv,1
get on,1
gilaaa baguss,1
gila udah tahun,1
gila udah,1
gila truely weird,1
gila truely,1
gila suka banget,1
gila suka,1
gila sih tahun,1
gila sih setiap,1
gila sih ini,1
gila kok bisa,1
gila kok,1
gila keren banget,1
gila keren,1
gih sana gass,1
gih sana,1
gimanalah padahal,1
gimana editan parody,1
gimana editan,1
giliran gw dengerin,1
giliran gw,1
giliran culametan trending,1
giliran culametan,1
gilasihhhh karya anak,1
gilasihhhh karya,1
gilaaaaaaaaaaaaaya tuhan aku,1
gilaaaaaaaaaaaaaya tuhan,1
gilaaaaa keren banget,1
gilaaaaa keren,1
gilaaaa keren bangett,1
gilaaaa keren,1
gilaaa baguss banget,1
giniiiii go internationall,1
giniiiii go,1
gini tidak trending,1
gini tidak boming,1
gini sampai orang,1
gini sampai,1
gini kok gak,1
gini kok,1
gini gak trending,1
gini gak,1
gini dia paling,1
gini dia,1
gini dan sepecahhh,1
gini dan,1
gimme goosebumps,1
gimanalah padahal ini,1
autralia in musics,1
autralia in,1
auto kesurupan njir,1
auto kesurupan,1
aura hitam kayak,1
aura hitam,1
aura edm gamelan,1
aura edm aura,1
august so many,1
august so,1
aturan seeing all,1
aturan seeing,1
aturan melihat semua,1
giri nintin,1
giri giri nintin,1
giri giri,1
glad chan,1
giving me goosebumps,1
giving me,1
gives me goosebumps,1
gives me enchantress,1
gitu nih harus,1
gitu nih,1
gitu karna gua,1
gitu karna,1
gitu gua dngernya,1
gitu gua,1
gitu dengerinnya harus,1
gitu dengerinnya,1
giri nintin bli,1
avatar aang and,1
avatar aang,1
go further,1
gmmtv to use,1
gmmtv to,1
global gini tidak,1
global gini,1
gledek ojo lali,1
gledek ojo,1
glass eater embrace,1
glass eater,1
glass but they,1
glass but,1
glad to have,1
glad to,1
glad discovered this,1
glad discovered,1
glad chan bring,1
go into,1
go internationall,1
go international trendingkan,1
go international level,1
go international budayakan,1
go internasional sihh,1
go internasional saja,1
go internasional kerennn,1
go internasional kak,1
go internasional introduce,1
go internasional gua,1
go internasional ayo,1
go internasional amin,1
go go lathi,1
go go,1
go further the,1
godamnit krna,1
god the production,1
god the,1
god damn merinding,1
god damn,1
god blessed salam,1
god blessed,1
go trending proccess,1
go trending,1
go to top,1
go to,1
go outlets go,1
go outlets,1
go lathi indonesia,1
go lathi,1
go into trending,1
good bagus banget,1
good bagus,1
good action when,1
good action,1
goo views im,1
goo views,1
gokil masih saya,1
gokil masih,1
gokil bangatsss,1
goin to international,1
goin to,1
goes to million,1
goes to,1
goes famous rising,1
goes famous,1
godamnit krna setau,1
good song unpopular,1
good song,1
good me looking,1
good me,1
good luck wg,1
good luck,1
good lathi is,1
good lathi,1
good jobs hopefully,1
good jobs,1
good job mkin,1
good job indonesia,1
good job guys,1
good job brother,1
good from the,1
good from,1
got goosebumped when,1
got goosebumped,1
goosebumped when shes,1
goosebumped when,1
goosebump really like,1
goosebump really,1
goosebump every time,1
goosebump every,1
goose bump when,1
goose bump,1
good the vocals,1
good the,1
good that play,1
good that,1
good songlets go,1
good songlets,1
great so really,1
great so,1
great job,1
grateful to see,1
grateful to,1
gran recomendacin stay,1
gran recomendacin,1
grammar is sucks,1
grammar is,1
graduation ost,1
gracias por la,1
gracias por,1
gracias bangchan stay,1
gracias bangchan,1
goyang mamah muda,1
goyang mamah,1
gua gak,1
gua emang kurang,1
gua emang,1
gua doain go,1
gua doain,1
gua dngernya,1
gua dengerin ini,1
gua dengerin,1
greetings from suriname,1
greetings from,1
great to get,1
great to,1
great thumbs up,1
great thumbs,1
great team,1
great song,1
gua peka,1
gua likein semua,1
gua likein,1
gua like trs,1
gua like,1
gua liat ini,1
gua liat biar,1
gua kenapa yang,1
gua kenapa,1
gua jadi ngerasa,1
gua jadi,1
gua ini bagus,1
gua ini,1
gua gasuka banget,1
gua gasuka,1
gua gak bisa,1
gue lirik bagian,1
gue lirik,1
gue harap bisa,1
gue harap,1
gue dengerin pun,1
gue dengerin,1
gue denger,1
gua tidak berenti,1
gua tidak abisseriusan,1
gua sama standarisasi,1
gua sama,1
gua salut bro,1
gua salut,1
gua pengen weird,1
gua pengen,1
gua peka banget,1
guy illustrates,1
gusto musical,1
gustiwana produce this,1
gustiwana produce,1
gusta mucho el,1
gusta mucho,1
gusta la msica,1
gusta la,1
guru bk koe,1
guru bk,1
guess its about,1
guess its,1
gue suka lirik,1
gue suka,1
gue seriusan pas,1
gue seriusan,1
guys we,1
guys tembuskan jt,1
guys tembuskan,1
guys goin to,1
guys goin,1
guys for the,1
guys for,1
guys ever collabed,1
guys ever,1
guys can go,1
guys can,1
guys are rock,1
guys are,1
guys actuallyyy this,1
guys actuallyyy,1
guy illustrates fiery,1
gw malah baru,1
gw malah,1
gw kudu ikut,1
gw kudu,1
gw kira gak,1
gw kira,1
gw kalau denger,1
gw kalau,1
gw gilasihhhh karya,1
gw gilasihhhh,1
gw duluuuu,1
gw di pen,1
gw di,1
gw dengerin lagunya,1
gw dengerin lagu,1
guys we proud,1
had found you,1
had found,1
habis masak video,1
habis masak,1
habis lihat film,1
habis lihat,1
gw yang nonton,1
gw yang,1
gw pun ikut,1
gw pun,1
gw pengen woyyy,1
gw pengen,1
gw merinding ya,1
gw merinding,1
gw masih dengerin,1
gw masih,1
half javenese,1
hal yang biasa,1
hal positif bagi,1
hal positif,1
hai aku dari,1
hai aku,1
hah ini instrument,1
hah ini,1
hadir di siapa,1
hadir di,1
hadiah terbesar untuk,1
hadiah terbesar,1
had so much,1
had so,1
had shiver while,1
had shiver,1
hari dimana covid,1
hari dimana,1
harga diri seseorang,1
harapan bahwa mereka,1
harapan bahwa,1
harap bisa terus,1
harap bisa,1
happens when indonesian,1
happens when,1
hapen of my,1
hapen of,1
hanya tiga kata,1
hanya tiga,1
hampir kayak funk,1
hampir kayak,1
half javenese from,1
atmosphere the,1
ati when changed,1
ati when,1
atau gimanalah padahal,1
atau gimanalah,1
atau diri sendiri,1
atau diri,1
atas ciptaan nya,1
atas ciptaan,1
atapun janji,1
at the same,1
at the contest,1
hari saya request,1
hari saya,1
hari ini gue,1
hari ini,1
harus kau ketahui,1
harus kau,1
harus banget masuk,1
harus banget di,1
harus ada dari,1
harus ada,1
harmonious side of,1
harmonious side,1
harian nih pasti,1
harian nih,1
hari setelahnya komentar,1
hari setelahnya,1
aturan melihat,1
atraksi ekstrim jawa,1
atraksi ekstrim,1
atmosphere the mv,1
have heard,1
have commented because,1
have commented,1
have been watching,1
have been,1
hati gw kudu,1
hati gw,1
has changed semuanya,1
has been on,1
has been,1
harusnya lebih bs,1
harusnya lebih,1
harus trending itu,1
harus trending,1
harus selalu menjaga,1
harus selalu,1
have to,1
have thought that,1
have thought,1
have this opinion,1
have this,1
have the best,1
have the,1
have no way,1
have no,1
have musical talents,1
have musical,1
have make indonesia,1
have make,1
have lot indonesian,1
have lot,1
have heard it,1
heard that,1
heard it when,1
heard it first,1
heard in tik,1
heard in,1
hear representation of,1
hear representation,1
hear and watched,1
hear and,1
head from morocco,1
head from,1
hayolo siapa kgn,1
hayolo siapa,1
havent see in,1
havent see,1
have to go,1
heran kenapa bisa,1
heran gua sama,1
heran gua,1
her voice blend,1
her voice,1
her thanks,1
heartless mengubah diriku,1
heartless mengubah,1
heartless lirik yang,1
heartless lirik,1
heart then move,1
heart then,1
hearing this song,1
hearing this,1
heard this on,1
heard that name,1
at my country,1
at my,1
at its very,1
at its,1
at first heard,1
at first,1
astagah udah make,1
astagah udah,1
asli wongjoworailangjawane,1
asli terharu baru,1
asli terharu,1
asli pas lirik,1
here after listening,1
heran lagu sekeren,1
heran lagu,1
heran kenapa lagi,1
himalaya mountain,1
hilih kintil,1
here it show,1
here it,1
here in july,1
here in august,1
here because of,1
here because its,1
here am from,1
here am,1
here again the,1
here again,1
here after tristan,1
at spotify oh,1
at spotify,1
at school,1
hold my beer,1
hits dulu ini,1
hits dulu,1
hitam kayak kemunculan,1
hitam kayak,1
hit views it,1
hit views,1
hit last year,1
hit last,1
his words,1
his tonguehis words,1
his tonguehis,1
hippity hoppty this,1
hippity hoppty,1
hinaan cacian dan,1
hinaan cacian,1
hopefully will,1
hope you guys,1
hope you can,1
hope for it,1
hope for,1
hope all guys,1
hope all,1
honest tiktok brought,1
honest tiktok,1
honest this wasnt,1
honest this,1
honest im crying,1
honest im,1
holy out of,1
holy out,1
hold my wayang,1
huge respect,1
how toxic relationship,1
how toxic,1
how to stop,1
how to appreciate,1
how they choose,1
how they,1
how many times,1
how many thunders,1
how amazing the,1
how amazing,1
horor selalu bagus,1
horor selalu,1
hoppty this is,1
hoppty this,1
hopefully will be,1
if im,1
if have this,1
if have,1
hush jangan disini,1
hush jangan,1
hush hush jangan,1
hush hush,1
hurts kuda lumping,1
hurts kuda,1
hurt themselves but,1
hurt themselves,1
human who trapped,1
human who,1
human thats amazing,1
human thats,1
huge respect from,1
iki jan,1
if you guys,1
if you,1
if there is,1
if there,1
if so thank,1
if so,1
if my english,1
if my,1
if miss universe,1
if miss,1
if lathi hit,1
if lathi,1
if its like,1
if its,1
if im not,1
im crying or,1
im also proud,1
im also,1
ilustrates the beautiful,1
ilustrates the,1
illustration of resistance,1
illustration of,1
illustrates fiery desire,1
illustrates fiery,1
ikut komen sama,1
ikut komen,1
ikut heran lagu,1
ikut heran,1
iki sik jenenge,1
iki sik,1
iki jan apike,1
im mexican american,1
im mexican,1
im hoping,1
im here because,1
im here after,1
im glad discovered,1
im glad,1
im gamer and,1
im gamer,1
im from south,1
im from philippines,1
im from malaysia,1
im from indonesian,1
im from cambodia,1
im from brazil,1
im crying to,1
image of dominance,1
image of,1
im years old,1
im years,1
im with you,1
im with,1
im sundanese congratulations,1
im sundanese,1
im still young,1
im still,1
im so proudddd,1
im so grateful,1
im remember when,1
im remember,1
im not mistaken,1
im not,1
in autralia,1
in august so,1
in art culture,1
in art,1
in another level,1
in another,1
impikan perpaduan yang,1
impikan perpaduan,1
imperfections are really,1
imperfections are,1
imagine this song,1
imagine this,1
imagine if this,1
imagine if miss,1
imagine how amazing,1
imagine how,1
in ma head,1
in ma,1
in love with,1
in love,1
in kuda lumping,1
in kuda,1
in july,1
in java,1
in indonesia mean,1
in great team,1
in great,1
in few month,1
in few,1
in eurovision song,1
in eurovision,1
in autralia in,1
asli kerenmerinding gue,1
asli kerenmerinding,1
asli indonesia yang,1
asli indonesia,1
asli enak di,1
asli enak,1
asian artist for,1
asian artist,1
asf would literally,1
asf would,1
asalan yang cuma,1
asalan yang,1
in musics station,1
in musics,1
in making this,1
in making,1
in tik tok,1
in tik,1
in this song,1
in this,1
in their own,1
in their,1
in the way,1
in the tongue,1
in the sense,1
in speaking,1
in my playslist,1
in my,1
asli pas,1
asli merindirngg,1
asli merinding ags,1
asli merinding,1
indonesia apalagi,1
indonesia aneh giliran,1
indonesia aneh,1
indonesia agar mereka,1
indonesia agar,1
indonesia ada cara,1
indonesia ada,1
indo se uwow,1
indo se,1
incredible music and,1
incredible music,1
in yt and,1
in yt,1
in your recommendation,1
in your,1
in tomorrowland,1
indonesia disajikan,1
indonesia dicampur dengan,1
indonesia dicampur,1
indonesia di penghujung,1
indonesia di music,1
indonesia dann please,1
indonesia dann,1
indonesia culture inside,1
indonesia culture,1
indonesia bisa dilihat,1
indonesia bisa bikin,1
indonesia bangga punya,1
indonesia bangga,1
indonesia bagus salam,1
indonesia bagus banget,1
indonesia apalagi jika,1
indonesia mean,1
indonesia mana nih,1
indonesia mana,1
indonesia make bahasa,1
indonesia make,1
indonesia lestarilah budaya,1
indonesia lestarilah,1
indonesia lathi,1
indonesia jawa,1
indonesia jangan bodoh,1
indonesia jangan,1
indonesia if there,1
indonesia if,1
indonesia edited thank,1
indonesia edited,1
indonesia disajikan sebagus,1
indonesia proud,1
indonesia pride,1
indonesia power you,1
indonesia power,1
indonesia populer lagunya,1
indonesia populer,1
indonesia people,1
indonesia penyanyinya baru,1
indonesia penyanyinya,1
indonesia paling keren,1
indonesia paling,1
indonesia nya like,1
indonesia nya,1
indonesia mixed that,1
indonesia mixed,1
indonesia mean imagine,1
indonesia wajib,1
indonesia udah mulai,1
indonesia udah,1
indonesia the best,1
indonesia the,1
indonesia ta di,1
indonesia ta,1
indonesia sampe mereka,1
indonesia sampe,1
indonesia salam dari,1
indonesia salam,1
indonesia respect kepada,1
indonesia respect,1
indonesia punya lagu,1
indonesia punya,1
indonesia proud with,1
indonesian culture agnez,1
indonesian artist epic,1
indonesian artist,1
indonesian and half,1
indonesian and,1
indonesian am very,1
indonesian am trully,1
indonesiakejaweny keren bangetsukses,1
indonesiakejaweny keren,1
indonesia yang keren,1
indonesia yang gue,1
indonesia yang dulu,1
indonesia wow,1
indonesia we proud,1
indonesia we,1
indonesia wajib go,1
indonesian music at,1
indonesian makeup artist,1
indonesian makeup,1
indonesian is tongue,1
indonesian is,1
indonesian industry so,1
indonesian industry,1
indonesian in java,1
indonesian in,1
indonesian have musical,1
indonesian have,1
indonesian dj is,1
indonesian dj,1
indonesian culture jaipong,1
indonesian culture is,1
indonesian culture amazed,1
indonesian wayang culture,1
indonesian wayang,1
indonesian tradition concept,1
indonesian tradition,1
indonesian style,1
indonesian stay thank,1
indonesian stay,1
indonesian song and,1
indonesian song,1
indonesian people certainly,1
indonesian people,1
indonesian next level,1
indonesian next,1
indonesian music we,1
indonesian music industry,1
indonesian music banget,1
ing lathi harga,1
ing lathi englishpushing,1
ing lathi end,1
ing lathi coh,1
ing ati when,1
ing ati,1
industry took it,1
industry took,1
industry so talented,1
industry so,1
industry one day,1
industry one,1
indonesiaskrg indonesia udah,1
indonesiaskrg indonesia,1
indonesias traditional instrument,1
indonesias traditional,1
inggris gaada kaitan,1
inggris gaada,1
inggris dan jawa,1
inggris dan bahasa,1
inggris dan akhirnya,1
inget sesuatu yang,1
inget sesuatu,1
inget saat aktifitas,1
inget saat,1
inget covid ternyata,1
inget covid,1
inget banget yha,1
inget banget,1
ing lathi lasttt,1
ing lathi karena,1
ing lathi kamu,1
asal asalan karna,1
as this which,1
as this,1
as the gifted,1
as the,1
as que gracias,1
as que,1
as masterpiece the,1
as masterpiece,1
as know and,1
as javanese myself,1
inggris ternyata,1
inggris kan gila,1
inggris kan,1
inggris jawa terenak,1
inggris jawa ini,1
ini bagus banget,1
ini alhamdulilah,1
ini adalah berkah,1
ini adalah,1
ini ada yang,1
ini ada,1
ingin membuktikan bahwa,1
ingin membuktikan,1
inggrisnyaa gilaaa baguss,1
inggrisnyaa gilaaa,1
inggrisnya dicampur tapi,1
inggrisnya dicampur,1
inggris ternyata ada,1
asalan karna jujur,1
asalan karna,1
asal asalan yang,1
ini dengerin,1
ini dan aku,1
ini dan,1
ini cumah di,1
ini cumah,1
ini cintabudayaindonesia ayoviralkan,1
ini cintabudayaindonesia,1
ini bukan boneka,1
ini bukan,1
ini berulang ulang,1
ini berulang,1
ini beristirahat untuk,1
ini beristirahat,1
ini baru karya,1
ini baru,1
ini bagus parah,1
ini gaess,1
ini epic parah,1
ini epic,1
ini drop kok,1
ini drop,1
ini dri negeri,1
ini dri,1
ini dpt mengangkat,1
ini dpt,1
ini dipublish jt,1
ini dipublish,1
ini diangkat ke,1
ini diangkat,1
ini dia yang,1
ini dia pun,1
ini dengerin lagi,1
ini harus ada,1
ini gw dengerin,1
ini gw,1
ini gue dengerin,1
ini gue,1
ini gua doain,1
ini gua,1
ini genius sih,1
ini genius,1
ini gatau kenapa,1
ini gatau,1
ini gapernah bosen,1
ini gapernah,1
ini gak bakal,1
ini gak,1
ini gaess neng,1
ini kim jong,1
ini kim,1
ini karya memperkenalkan,1
ini karya luar,1
ini karya cuk,1
ini kalian kereeennn,1
ini kalian,1
ini kali pertama,1
ini kali,1
ini juga termasuk,1
ini juga,1
ini jadi nostalgia,1
ini jadi lagu,1
ini instrument apa,1
ini instrument,1
ini harus go,1
ini likenya manaaa,1
ini likenya,1
ini layak mendunia,1
ini layak,1
ini lagu siapa,1
ini lagu sampe,1
ini lagu muncul,1
ini lagu indonesia,1
ini lagu gila,1
ini lagu edmtradisional,1
ini lagu baru,1
ini lagi,1
ini ko gw,1
ini ko,1
ini kita harus,1
ini kita,1
artist on,1
artist omg this,1
artist omg,1
artist for mama,1
artist for,1
artist epic,1
arti nya bener,1
arti nya,1
ini malah dari,1
ini malah,1
ini makin apik,1
ini makin,1
ini mah keren,1
ini mah,1
ini luar biasa,1
ini luar,1
ini merasa bangga,1
ini merasa,1
ini mengingatkanku saat,1
ini mengingatkanku,1
ini mengingatkan ketika,1
ini mengingatkan,1
ini mendunia karna,1
ini mendunia,1
ini masterpiece beneran,1
ini masterpiece,1
ini masih terngiang,1
ini masih ajh,1
ini masih ada,1
as javanese im,1
as javanese can,1
artist on tiktok,1
ini sampe,1
ini salah satu,1
ini salah,1
ini release bener,1
ini release,1
ini punya potensi,1
ini punya,1
ini pls,1
ini pagi,1
ini opini sendiri,1
ini opini,1
ini ngumpul,1
ini musik yang,1
ini musik,1
ini mungkin karna,1
ini mungkin,1
ini semua,1
ini semangat berkarya,1
ini semangat,1
ini selamat buat,1
ini selamat,1
ini selalu smangattt,1
ini selalu,1
ini sekarang dah,1
ini sekarang,1
ini sejak jaman,1
ini sejak,1
ini sebentar saja,1
ini sebentar,1
ini sangat keren,1
ini sangat,1
ini sampe jadi,1
ini termasuk,1
ini terimakasih atas,1
ini terimakasih,1
ini tentang seseorang,1
ini tentang,1
ini teman saya,1
ini teman,1
ini tahun tahun,1
ini tahun,1
ini spt membawa,1
ini spt,1
ini sih yang,1
ini sih,1
ini september ya,1
ini september,1
ini semua cinta,1
ini yakin,1
ini woy lah,1
ini woy,1
ini wkwkwk ps,1
ini wkwkwk,1
ini viral banget,1
ini viral,1
ini utk musisi,1
ini utk,1
ini turned myself,1
ini turned,1
ini tuh dikantor,1
ini tuh,1
ini tidak berenti,1
ini tidak,1
ini termasuk aku,1
instrument apa instrument,1
inspirasion for tradision,1
inspirasion for,1
inside you know,1
inside you,1
insaneeee like the,1
insaneeee like,1
insane the vocals,1
insane the,1
inj trending cuk,1
inj trending,1
inin di tahun,1
inin di,1
ini yang sudah,1
ini yang setuju,1
ini yakin tidak,1
internasional introduce indonesian,1
internasional introduce,1
internasional gua salut,1
internasional gua,1
internasional ayo trending,1
internasional ayo,1
internasional amin,1
inter stay yang,1
inter stay,1
instruments with our,1
instruments with,1
instrumentals the songs,1
instrumentals the,1
instrument but damn,1
instrument but,1
instrument apa soal,1
international budayakan negara,1
international budayakan,1
international artist omg,1
international artist,1
international and more,1
international and always,1
internasional sihh,1
internasional semangat terus,1
internasional semangat,1
internasional saja,1
internasional kerennn hanya,1
internasional kerennn,1
internasional keren sih,1
internasional keren,1
internasional kak allohummasalliialaasaidinaamuhammad,1
internasional kak,1
into javanese,1
into english it,1
into english,1
international trendingkan trending,1
international trendingkan,1
international the best,1
international the,1
international talent laga,1
international talent,1
international soon,1
international level ahh,1
international level,1
international industry one,1
international industry,1
international events that,1
international events,1
is always in,1
is always,1
iri yhhh ngeliat,1
iri yhhh,1
iphone music application,1
iphone music,1
involved in making,1
involved in,1
involved flamethrower guy,1
involved flamethrower,1
introduce indonesian culture,1
introduce indonesian,1
into trending why,1
into trending,1
into may,1
into javanese languageim,1
is culture remix,1
is culture,1
is cool,1
is contain of,1
is contain,1
is completely epic,1
is completely,1
is coming from,1
is coming,1
is awesome this,1
is as far,1
is as,1
is an old,1
is an indonesian,1
is an act,1
is amazing wonderful,1
is indonesian style,1
is indonesian next,1
is indonesia,1
is in the,1
is in kuda,1
is in another,1
is if this,1
is if,1
is great so,1
is great,1
is good song,1
is good action,1
is drop like,1
is drop,1
is done perfectly,1
is done,1
is masterpiece cant,1
is like comes,1
is like,1
is killed this,1
is killed,1
is just remix,1
is just,1
is judged by,1
is judged,1
is itgroup or,1
is itgroup,1
is it just,1
is it ends,1
is it cuz,1
is insane the,1
is insane,1
is no on,1
is no javanese,1
is nice so,1
is nice,1
is next level,1
is next,1
is my anthems,1
is my,1
is music inspirasion,1
is music,1
is mix of,1
is mix,1
is me,1
is masterpiece periodt,1
is masterpiece hope,1
is masterpiece dude,1
is so good,1
is so fckn,1
is so dang,1
is so awesome,1
is sickkkk as,1
is sickkkk,1
is reza oktovian,1
is reza,1
is really amazing,1
is really,1
is one powerful,1
is one,1
is on his,1
is on another,1
is now my,1
is now,1
art comments are,1
art comments,1
aripan lokal,1
arep diomong kancanan,1
arep diomong,1
are unreal the,1
are unreal,1
are truly genius,1
are truly,1
are the best,1
are the,1
are still,1
are so genious,1
are so eargasm,1
is song about,1
is song,1
is very very,1
is very good,1
is very cool,1
is too good,1
is too,1
is tongue speech,1
is tongue,1
is the timeeeeeeeeee,1
is the official,1
is the next,1
is the first,1
is sucks,1
is such dope,1
is such beautiful,1
art culture music,1
art culture,1
it also,1
it again lathi,1
it again,1
it actually made,1
it actually,1
iso mlayu soko,1
iso mlayu gila,1
iso mlayu beuhhh,1
is yours,1
is world class,1
is world,1
is what happens,1
is what called,1
is what call,1
is weird genius,1
is weird,1
are legends,1
are inevitable,1
are indonesian,1
are in great,1
are in,1
are all waiting,1
are all,1
arasnsemen jawa ini,1
arasnsemen jawa,1
arapw bangga banget,1
arapw bangga,1
it becomes like,1
it becomes,1
it and now,1
it and,1
it also describes,1
it is just,1
it is,1
it in yt,1
it in,1
it first on,1
it first,1
it ends too,1
it ends,1
it dude must,1
it dude,1
it cuz never,1
it cuz dont,1
are rock nailed,1
are rock,1
are really perfect,1
are really,1
it to,1
it the music,1
it the,1
it sooo damnnn,1
it sooo,1
it so much,1
it so,1
it show how,1
it show,1
it on youtube,1
it on tv,1
it must be,1
it must,1
it more,1
it just some,1
it just me,1
itgroup or,1
it would be,1
it would,1
it when im,1
it when,1
it was western,1
it was song,1
it was so,1
it was mashup,1
it was hit,1
it was great,1
it ur voice,1
it ur,1
it trendingkan gaesssss,1
it trendingkan,1
it to another,1
its indonesian,1
its from my,1
its from,1
its free real,1
its free,1
its cool blending,1
its cool,1
its chans room,1
its chans,1
its an incredible,1
its an,1
its about toxic,1
its about,1
itrich with cultures,1
itrich with,1
itgroup or single,1
itu angka,1
its very best,1
its very,1
its speechless wow,1
its speechless,1
its so good,1
its so,1
its really good,1
its really,1
its my opinion,1
its my first,1
its masih terngiang,1
its masih,1
its like this,1
its like,1
its indonesian artist,1
itu kalau gamelan,1
itu kalau,1
itu ini bukan,1
itu ini,1
itu disebutnya yang,1
itu disebutnya,1
itu di lagu,1
itu di,1
itu bung karno,1
itu bung,1
itu bukan untuk,1
itu bhs inggris,1
itu bhs,1
itu berakhir dengan,1
itu berakhir,1
itu angka yang,1
itumohon bantuannya,1
itu yang nge,1
itu yang dislike,1
itu yang bisa,1
itu tau arti,1
itu tau,1
itu sini sini,1
itu sini,1
itu semua terjadi,1
itu semua,1
itu musik dn,1
itu musik,1
itu loh astagah,1
itu loh,1
itu kalo udah,1
itu kalo,1
jadi lagu terbaik,1
jadi lagu,1
jadi kita tau,1
jadi kita,1
jadi ke inget,1
jadi ke,1
jadi dah biasa,1
jadi dah,1
jadi anak indonesia,1
jadi anak,1
ive never had,1
ive never,1
ive fallen in,1
ive fallen,1
itusuka bangetkesini lagi,1
itusuka bangetkesini,1
jaipong tune if,1
jaipong tune,1
jadi tranding ini,1
jadi tranding,1
jadi teringat kisah,1
jadi teringat,1
jadi sorotan orang,1
jadi sorotan,1
jadi pengen ngumpulin,1
jadi pengen liat,1
jadi nostalgia keren,1
jadi nostalgia,1
jadi ngerasa bangga,1
jadi ngerasa,1
jadi mata pelajaran,1
jadi mata,1
jangan lagu yang,1
jangan lagu,1
jangan disini go,1
jangan disini,1
jangan bodoh memilih,1
jangan bodoh,1
jancuk bangga tenan,1
jancuk bangga,1
jan apike,1
jaman pertama covid,1
jaman pertama,1
jaman hits dulu,1
jaman hits,1
jaman dan minat,1
jaman dan,1
jaman covid,1
java tahun,1
java part omg,1
java part,1
java culture and,1
java culture,1
jatuh cinta,1
jatoh merinding gua,1
jatoh merinding,1
jatim seng akur,1
jatim seng,1
jarang musik indo,1
jarang musik,1
jaranan kesenian nasional,1
jaranan kesenian,1
jangan sampe keulang,1
jangan sampe,1
javanese language,1
javanese im so,1
javanese im,1
javanese enchantress do,1
javanese enchantress,1
javanese elements makes,1
javanese elements,1
javanese done next,1
javanese done,1
javanese culture very,1
javanese culture thank,1
javanese can really,1
javanese can,1
java translate cant,1
java translate,1
java tahun ini,1
javenese from,1
javaness lyrics in,1
javaness lyrics,1
javanese words gave,1
javanese words,1
javanese perkataan ucapan,1
javanese perkataan,1
javanese part always,1
javanese part,1
javanese myself am,1
javanese myself,1
javanese lyrics remarkable,1
javanese lyrics,1
javanese languageim not,1
javanese languageim,1
javanese language as,1
arap and eka,1
arap and,1
arab weird genius,1
arab weird,1
appreciate this song,1
appreciate this,1
appreciate their art,1
appreciate their,1
apik yang dibuat,1
apik yang,1
apik banget ya,1
apik banget,1
jawa asli,1
jawa aku selalu,1
jawa aku,1
javenese from my,1
jawa like,1
jawa lagu pembawa,1
jawa lagu,1
jawa ini kali,1
jawa ini bagus,1
jawa di tambah,1
jawa di,1
jawa dan penghasilannya,1
jawa dan ingris,1
jawa dan bahasa,1
jawa culture,1
jawa asli pas,1
arap ini genius,1
arap ini,1
arap eka gerald,1
arap eka,1
jawaaaa sumpah,1
jawa timur endi,1
jawa timur,1
jawa terenak,1
jawa tengah like,1
jawa tengah,1
jawa temenku ada,1
jawa temenku,1
jawa sama inggrisnyaa,1
jawa sama,1
jawa rhythm dalam,1
jawa rhythm,1
jawa nya orang,1
jawa nya asli,1
jawa mana nih,1
jawa mana,1
jenenge luar,1
jelas liriknya inggris,1
jelas liriknya,1
jelas ini karya,1
jelas ini,1
jelas bisa trending,1
jelas bisa,1
jdi candu karya,1
jdi candu,1
jd teringat wkt,1
jd teringat,1
jayalah musik lagu,1
jayalah musik,1
jawanya lumayan suka,1
jawanya lumayan,1
jawaaaa sumpah ni,1
job brother,1
jlan kmna pke,1
jlan kmna,1
jika ada unsur,1
jika ada,1
jgn sampe di,1
jgn sampe,1
jg dan makna,1
jg dan,1
jepe terus di,1
jepe terus,1
jeniuuuuskalian luaaaaar biasaaaa,1
jeniuuuuskalian luaaaaar,1
jenius good job,1
jenius good,1
jenenge luar biasa,1
jowo like slur,1
jowo like disek,1
jowo krungu lagu,1
jowo krungu,1
jowo endi iki,1
jowo endi,1
jong un tercengang,1
jong un,1
jobs hopefully will,1
jobs hopefully,1
job mkin mantap,1
job mkin,1
job indonesia,1
job guys we,1
job guys,1
job brother and,1
jt sekrng,1
jt saja nih,1
jt saja,1
jt lurr,1
jt likes gas,1
jt likes,1
jt like terbanyak,1
jt like karna,1
jt like dislike,1
jt like dan,1
jrng lagu di,1
jrng lagu,1
jowone sg podo,1
jowone sg,1
jowo ne seng,1
jowo ne,1
juga genius,1
juga banyakan sih,1
juga banyakan,1
juga aku lakuin,1
juga aku,1
judul lagu bahasa,1
judul lagu,1
judged by his,1
judged by,1
jt views hadiah,1
jt views,1
jt viewers dan,1
jt view yok,1
jt view jt,1
jt view bukanlah,1
jt sekrng dari,1
just like people,1
just like,1
juni juta,1
jumlahnya dan semua,1
jumlahnya dan,1
jumlahnya and all,1
jumlahnya and,1
jujur gua dengerin,1
jujur gua,1
jujur dr awal,1
jujur dr,1
juga termasuk karya,1
juga termasuk,1
juga reaction super,1
juga reaction,1
juga genius lah,1
juta likes agar,1
juta likes,1
juta like so,1
juta like juta,1
juta juni juta,1
juta juni,1
just some connection,1
just some,1
just say this,1
just say,1
just remix that,1
just remix,1
just name youre,1
just name,1
just me or,1
just me,1
kak react lathi,1
kak react,1
kak allohummasalliialaasaidinaamuhammad,1
kaitan dg setanumahku,1
kaitan dg,1
kah trending kan,1
kah trending,1
kaga jelas,1
kadang bangga banget,1
kadang bangga,1
kabest song everrrrrrrr,1
kabest song,1
juta yang dislike,1
juta yang,1
juta views sebelum,1
juta tayang,1
kali bakal gua,1
kali bakal,1
kali aku like,1
kali aku,1
kalau like nya,1
kalau like,1
kalau indonesia ada,1
kalau indonesia,1
kalau gamelan ini,1
kalau gamelan,1
kalau denger ni,1
kalau denger ini,1
kalah keren banget,1
kalah keren,1
kak sara fajira,1
kak sara,1
kali tidak ada,1
kali tidak,1
kali pertama tau,1
kali pertama,1
kali nih vidio,1
kali nih,1
kali nge react,1
kali nge,1
kali juga aku,1
kali juga,1
kali ini lagu,1
kali ini gw,1
kali denger lagu,1
kali denger,1
kali dengar pasti,1
kali dengar,1
kalo bisa like,1
kalo bisa,1
kalo ada kata,1
kalo ada,1
kalimat itu di,1
kalimat itu,1
kalimantan sulawesi sumatra,1
kalimantan sulawesi,1
kalian semakin berkibar,1
kalian semakin,1
kalian mau berkolaborasi,1
kalian mau,1
kalian kereeennn kalian,1
kalian kereeennn,1
kalian gak pantes,1
kalian gak,1
apasemangat kabest,1
apapun itumohon bantuannya,1
apapun itumohon,1
apalagi jika ada,1
apalagi jika,1
apalagi di campurkan,1
apalagi di,1
apalagi bawa unsur,1
apalagi bawa,1
apaan sihhhmungkin iri,1
apaan sihhhmungkin,1
apa soal reaction,1
apa soal,1
kalo udah denger,1
kalo ini juga,1
kalo ini cumah,1
kan vidio ini,1
kan vidio,1
kan semoga tembus,1
kan semoga,1
kan rek huhu,1
kan rek,1
kan gua pengen,1
kan gua,1
kan gila sih,1
kan gila,1
kami perjuangkan never,1
kami perjuangkan,1
kalo udah puter,1
apik alias tidak,1
apik alias,1
apasemangat kabest song,1
karena bangga saja,1
karena bangga dan,1
karena alasan sejak,1
karena alasan,1
karena aku orang,1
karena aku,1
karakter indonesia dicampur,1
karakter indonesia,1
kangen tiap di,1
kangen tiap,1
kangen sama era,1
kangen sama,1
kangen masa masanya,1
kangen masa,1
kancanan karo setan,1
kancanan karo,1
karna jujur gua,1
karna jujur,1
karna habis lihat,1
karna habis,1
karna gua emang,1
karna gua,1
karna genrenya edm,1
karna genrenya,1
karena semuanya nol,1
karena semuanya,1
karena sebuah perkataan,1
karena sebuah,1
karena popularitas budaya,1
karena popularitas,1
karena emg seneng,1
karena emg,1
karo party wg,1
karo party mas,1
karo nyinden wg,1
karo nyinden,1
karo dugeman gledek,1
karo dugeman,1
karo dugem wgyo,1
karo dugem wg,1
karno pasti disurga,1
karno pasti,1
karna tidak bisa,1
karna tidak,1
karna lirikny kren,1
karna lirikny,1
karna karya sepwrti,1
karna karya,1
karya memperkenalkan tanah,1
karya memperkenalkan,1
karya luar biasa,1
karya luar,1
karya indonesia agar,1
karya indonesia,1
karya dari reza,1
karya dari,1
karya cuk sekelas,1
karya cuk,1
karya bangsa sndiri,1
karya bangsa,1
karya andan lestarikan,1
karya andan,1
karo setan juga,1
karo setan,1
kata buat lagu,1
kata buat,1
kasalahan kuring dina,1
kasalahan kuring,1
karyanya gue harap,1
karyanya gue,1
karya yang sngaat,1
karya yang apik,1
karya sepwrti ini,1
karya sepwrti,1
karya seni kalian,1
karya seni,1
karya sekecil apapun,1
karya sekecil,1
karya sebagus ini,1
karya sebagus,1
kau tak akan,1
kau tak,1
kau sudah mengerti,1
kau sudah,1
kau ketahui kowe,1
kau ketahui,1
katakata mendorong melalui,1
katakata mendorong,1
kata yang kurang,1
kata yang,1
kata keren pokoknya,1
kata keren edm,1
kata kata yang,1
kata kata,1
kata itu yang,1
kata itu,1
ke empat,1
ke dimensi laindunia,1
ke dimensi,1
ke aripan lokal,1
ke aripan,1
kayak kemunculan enchantress,1
kayak kemunculan,1
kayak gini tidak,1
kayak gini sampai,1
kayak gini gak,1
kayak gini dia,1
kayak funk,1
kawan weird genius,1
kawan weird,1
kau tidak bisa,1
kau tidak,1
ke vidio,1
ke sini lagi,1
ke sini bln,1
ke seluruh dunia,1
ke seluruh,1
ke mari nyimak,1
ke mari,1
ke internasional keren,1
ke internasional,1
ke inget sesuatu,1
ke inget,1
ke giniiiii go,1
ke giniiiii,1
ke gamelan nyanyian,1
ke gamelan,1
ke empat terobos,1
keep support this,1
keep support,1
kedua di indonesia,1
kedua di,1
kedua denger saja,1
kedua denger,1
kecil banget karena,1
kecil banget,1
kebudayaan sekali lagi,1
kebudayaan sekali,1
kebenaran semuanya telah,1
kebenaran semuanya,1
kebenaran everything has,1
kebenaran everything,1
kebagusan mereka,1
ke vidio keren,1
kek gitu karna,1
kek gitu,1
kek gini kok,1
kek gini,1
keinget terus sama,1
keinget terus,1
keinget masa masa,1
keinget masa,1
kehormatan diri seseorang,1
kehormatan diri ada,1
kehilangan kesadaranwow banget,1
kehilangan kesadaranwow,1
kehidupan seseorang atau,1
kehidupan seseorang,1
kehidupan ajining diri,1
kehidupan ajining,1
kelak ditahun masih,1
kelak ditahun,1
kekyi mukbang jadi,1
kekyi mukbang,1
kekeyi is no,1
kekeyi is,1
kekey bokan boneka,1
kekey bokan,1
kek yang udah,1
kek yang,1
kek ngerasa merinding,1
kek ngerasa,1
kek lingsir wengi,1
kek lingsir,1
kek ini musik,1
kek ini,1
kembali lagi ke,1
kembali lagi,1
kemas dengan epic,1
kemas dengan,1
kemarin tulis ternyata,1
kemarin tulis,1
kemana saja gue,1
kemana saja,1
keluar negeri bagus,1
keluar negeri,1
keluar angkasa tapi,1
keluar angkasa,1
keliling indonesia wajib,1
keliling indonesia,1
kelar project lu,1
kelar project,1
kenapa tidak banyak,1
kenapa tidak,1
kenapa lagi kayak,1
kenapa lagi,1
kenapa kek ngerasa,1
kenapa kek,1
kenapa bisa tidak,1
kenapa bisa,1
kenapa aku jadi,1
kenapa aku,1
kenal sama gamelan,1
kenal sama,1
kemunculan enchantress lightning,1
kemunculan enchantress,1
kembali setelah tahun,1
kembali setelah,1
kept indonesian culture,1
kept indonesian,1
kepingin nyinden tapi,1
kepingin nyinden,1
kepala bangga banget,1
kepala bangga,1
kepada tim weird,1
kepada tim,1
kengen lagu ini,1
kengen lagu,1
kene wes neng,1
kene wes,1
kenapa yang epic,1
kenapa yang,1
kenapa ya gw,1
kenapa ya,1
apa luar bisa,1
apa luar,1
apa like sini,1
apa like,1
apa lagi yang,1
apa lagi,1
apa kagak,1
apa instrument apa,1
apa instrument,1
apa cuma konten,1
apa cuma,1
apa arep diomong,1
apa arep,1
apa apasemangat kabest,1
kerasa sudah tahun,1
kerasa sudah,1
keren banget garapannya,1
keren banget gamelan,1
keren banget dah,1
keren banget anjirrrrrrrr,1
keren banget anjir,1
keren abisss budayakan,1
keren abisss,1
kereennn no di,1
kereennn no,1
kereeennn kalian gak,1
kereeennn kalian,1
kerasa ya sudah,1
kerasa ya,1
kerasa udah lagu,1
apa sih gajelas,1
apa sih,1
keren edm,1
keren dap pokok,1
keren dap,1
keren buat semua,1
keren buat,1
keren bgttttttt,1
keren bgtt,1
keren bangettt baru,1
keren bangettt,1
keren bangett,1
keren bangetsukses selalu,1
keren bangetsukses,1
keren banget yang,1
keren banget tanpa,1
keren banget memadukan,1
keren banget jarang,1
keren semoga karya,1
keren semoga,1
keren salam dari,1
keren salam,1
keren saja,1
keren pokoknya,1
keren memadukan bahasa,1
keren memadukan,1
keren keren keren,1
keren jg dan,1
keren jg,1
keren ini malah,1
keren ini likenya,1
keren gue denger,1
keren gue,1
keren edm gamelan,1
kerja tuh,1
kerja di belanda,1
kerja di,1
kerenyahhhh benerbener cerdas,1
kerenyahhhh benerbener,1
kerenpokoke amazing talent,1
kerenpokoke amazing,1
kerennn hanya tiga,1
kerennn hanya,1
kerenmerinding gue seriusan,1
kerenmerinding gue,1
keren wouyyy pegel,1
keren wouyyy,1
keren top maju,1
keren top,1
keren sih indonesia,1
kesel bat dibilang,1
kesel bat,1
kesalahan melakukan harga,1
kesalahan melakukan,1
kesalahan kehormatan diri,1
kesalahan kehormatan,1
kesalahan kamu tidak,1
kesalahan kamu,1
kesalahan anda salah,1
kesalahan anda kesalahan,1
kesalahan ajining riri,1
kesalahan ajineng diri,1
kesalahan ajineng,1
kesadaranwow banget,1
kerreeen pooollll,1
kerja tuh biasanya,1
kesukaan gw,1
kesini lagi setelah,1
kesini lagi di,1
kesini karna habis,1
kesini karna,1
kesini garagara abis,1
kesini garagara,1
kesini gara gara,1
kesini gara,1
kesini coment,1
kesenian nasional wayang,1
kesenian nasional,1
kesenian daerah ku,1
kesenian daerah,1
kesel bett gua,1
kesel bett,1
kidding this is,1
kidding this,1
kgn vibes dirumah,1
kgn vibes,1
keulang lagi,1
ketika sedang lockdown,1
ketika sedang,1
ketiga keinget terus,1
ketiga keinget,1
ketengah lagu ini,1
ketengah lagu,1
ketemu sama lagu,1
ketemu sama,1
ketahui kowe ra,1
ketahui kowe,1
kesukaan gw duluuuu,1
apa apa,1
anything really like,1
anything really,1
anyink download,1
any international events,1
any international,1
another universe,1
another song,1
another level right,1
another level proud,1
another level love,1
kidul apa,1
kids that would,1
kids that,1
kids btw nice,1
kids btw,1
kirain full inggris,1
kirain full,1
kira orang barat,1
kira orang,1
kira gak ada,1
kira gak,1
kira bukan orang,1
kira bukan,1
kind of lyrics,1
kim jong un,1
kim jong,1
killed this is,1
killed this,1
kidul apa arep,1
apa apasemangat,1
apa apa luar,1
kita perjuangkan tidak,1
kita perjuangkan,1
kita like your,1
kita like,1
kita kerja tuh,1
kita kerja,1
kita ke dimensi,1
kita ke,1
kita harus selalu,1
kita harus,1
kita berjuang untuk,1
kita berjuang,1
kisini giri giri,1
kisini giri,1
kisah rorojonggrang yang,1
kisah rorojonggrang,1
know tapi satu,1
know tapi,1
know how to,1
know how,1
know and in,1
know and,1
kmna pke aerphon,1
kmna pke,1
kksemoga lagu ini,1
kksemoga lagu,1
kita yang bkin,1
kita yang,1
kita trending kan,1
kita trending,1
kita tau bahwa,1
kita tau,1
kok merinding,1
kok masih di,1
kok masih,1
kok komentar nya,1
kok komentar,1
kok gak sukahadeuhhh,1
kok gak,1
kok bisa lagunya,1
kok bisa kayak,1
kok bisa buat,1
ko gw merinding,1
ko gw malah,1
know what you,1
know what,1
know this masterpiece,1
know this,1
anjirr sumpah demi,1
anjirr sumpah,1
anjirr merinding sumpahh,1
anjirr merinding,1
anjirgiliran lagu nya,1
anjirgiliran lagu,1
anjir efek pas,1
anjir efek,1
anjir apalagi bawa,1
anjir apalagi,1
anjiiiirrrrrr saluttt banget,1
anjiiiirrrrrr saluttt,1
anjeun rama sawarga,1
anjeun rama,1
komen biar,1
kok merinding ya,1
kometar setuju,1
komentar yang keren,1
komentar yang,1
komentar nya rata,1
komentar nya,1
komentar ini dipublish,1
komentar ini,1
komentar apa apa,1
komentar apa,1
komen yang masih,1
komen yang gua,1
komen sama like,1
komen sama,1
komen biar jadi,1
another art,1
anjirrrrrrrr ah,1
krn ada,1
krenn oarah kira,1
krenn oarah,1
kren bnget bhsa,1
kren bnget,1
kpla pcah,1
kowe raiso mlayudst,1
kowe raiso,1
kowe iso mlayu,1
kowe iso,1
konten sampah yang,1
konten sampah,1
konsep nya udah,1
konsep nya,1
konsep musik luar,1
konsep musik,1
ku cari,1
ku bener bener,1
ku bener,1
kt kehilangan kesadaranwow,1
kt kehilangan,1
kryaa ke giniiiii,1
kryaa ke,1
krungu lagu iki,1
krungu lagu,1
krna setau gue,1
krna setau,1
krn mayan banyak,1
krn mayan,1
krn hinaan cacian,1
krn hinaan,1
krn ada temen,1
kuliah main,1
kudu ikut komen,1
kudu ikut,1
kuda lumping there,1
kuda lumping here,1
kuda lumping an,1
ku tunggu tunggu,1
ku tunggu,1
ku pesan dri,1
ku pesan,1
ku lumayan trauma,1
ku lumayan,1
ku liatdengar,1
ku lepaskan,1
ku jaranan kesenian,1
ku jaranan,1
kutukan karena,1
kutahu bahwa cinta,1
kutahu bahwa,1
kuring dina ngalakukeun,1
kuring dina,1
kurang suka musik,1
kurang suka,1
kurang lama,1
kurang enak dibaca,1
kurang enak,1
kurang ahhh kurang,1
kurang ahhh,1
kuota harian nih,1
kuota harian,1
kulit mbiyen,1
kuliah main gamelan,1
laga kolosal,1
lacking or ugly,1
lacking or,1
la msica edm,1
la msica,1
la indonesia salam,1
la indonesia,1
la gran recomendacin,1
la gran,1
la chica,1
la cancin es,1
la cancin,1
kuuueren kebangetan,1
kutukan telah mengubah,1
kutukan telah,1
kutukan karena sebuah,1
lagi pakai tws,1
lagi pakai,1
lagi keren buat,1
lagi keren,1
lagi ke vidio,1
lagi ke,1
lagi kayak gini,1
lagi kayak,1
lagi jangan lagu,1
lagi jangan,1
lagi ini dia,1
lagi ini,1
lagi garagara chans,1
lagi garagara,1
lagi di emang,1
lagi di beranda,1
lagu dan,1
lagu baru kemarin,1
lagu baru,1
lagu bahasa indonesia,1
lagu bahasa,1
lagu bagus kayak,1
lagu bagus,1
lagu apa sih,1
lagu apa,1
lagi yang bagian,1
lagi yang,1
lagi trending lathi,1
lagi trending,1
lagi setelah tahun,1
lagi setelah reaction,1
lagi setelah liat,1
lagu iki,1
lagu gilaaaa keren,1
lagu gilaaaa,1
lagu gila sih,1
lagu gila,1
lagu gabungan inggris,1
lagu gabungan,1
lagu edmtradisional bikin,1
lagu edmtradisional,1
lagu edm tradisional,1
lagu edm,1
lagu di indonesia,1
lagu di,1
lagu dengan like,1
lagu dengan,1
lagu dan musiknyaterima,1
lagu ini mendunia,1
lagu ini masterpiece,1
lagu ini masih,1
lagu ini makin,1
lagu ini luar,1
lagu ini kalian,1
lagu ini gua,1
lagu ini gak,1
lagu ini gaess,1
lagu ini dan,1
lagu inggris jawa,1
lagu inggris,1
lagu indonesia sampe,1
lagu indonesia respect,1
lagu indonesia paling,1
lagu indonesia apalagi,1
lagu jaman covid,1
lagu jaman,1
lagu ini viral,1
lagu ini tuh,1
lagu ini termasuk,1
lagu ini terimakasih,1
lagu ini tentang,1
lagu ini teman,1
lagu ini spt,1
lagu ini selamat,1
lagu ini sekarang,1
lagu ini sejak,1
lagu ini sampe,1
lagu ini release,1
lagu ini mengingatkanku,1
lagu ini mengingatkan,1
lagu penyanyi,1
lagu pembawa barat,1
lagu pembawa,1
lagu nya si,1
lagu nya bagusss,1
lagu muncul emang,1
lagu muncul,1
lagu lathi thn,1
lagu lathi ini,1
lagu kesukaan gw,1
lagu kesukaan,1
lagu keren wouyyy,1
lagu keren ini,1
lagu keren banget,1
lagu kadang bangga,1
lagu kadang,1
lagu terbaik,1
lagu terbagus kedua,1
lagu terbagus,1
lagu siapa keren,1
lagu siapa,1
lagu sekeren ini,1
lagu sekeren,1
lagu sebagus ini,1
lagu sebagus,1
lagu sampe merinding,1
lagu sampe hari,1
lagu sampai sekarang,1
lagu sampai,1
lagu perpaduan eletric,1
lagu perpaduan,1
lagu penyanyi nya,1
lagunya apalagi di,1
lagunya apalagi,1
lagumvkarya yang dikemas,1
lagumvkarya yang,1
lagu zaman covid,1
lagu zaman,1
lagu yang tidak,1
lagu yang selalu,1
lagu yang ku,1
lagu ya nama,1
lagu ya,1
lagu weird genius,1
lagu weird,1
lagu tiktod goyang,1
lagu tiktod,1
lagu terbaik di,1
lah ah menangis,1
lah ah,1
lagunya wo amattttt,1
lagunya wo,1
lagunya sambil baca,1
lagunya sambil,1
lagunya pokoknya budaya,1
lagunya pokoknya,1
lagunya keren bgttttttt,1
lagunya keren banget,1
lagunya gw pun,1
lagunya gw,1
lagunya easy listening,1
lagunya easy,1
lagunya bagus gabungan,1
lagunya bagus,1
lain congtatzzz bro,1
lain congtatzzz,1
lah we should,1
lah we,1
lah tembusin jt,1
lah tembusin,1
lah sama weird,1
lah sama,1
lah ke mari,1
lah ke,1
lah buat lu,1
lah buat,1
lah btw itu,1
lah btw,1
lah ama bacot,1
lah ama,1
lamp and glass,1
lamp and,1
lalu saja ternyata,1
lalu saja,1
lalu java tahun,1
lalu java,1
lalu ceoatnua waktu,1
lalu ceoatnua,1
lalu bertanya hah,1
lalu bertanya,1
lali mas weird,1
lali mas,1
lakuin wkwkwk udah,1
lakuin wkwkwk,1
laindunia penuh mistik,1
laindunia penuh,1
anj this,1
angkasa tapi kalo,1
angkasa tapi,1
angka yang sangat,1
angka yang,1
anggun sasmikalian nontonlah,1
anggun sasmikalian,1
anger out,1
aneh giliran culametan,1
aneh giliran,1
andan lestarikan budaya,1
andan lestarikan,1
anda tidak dapat,1
langsung liatin,1
lampung pas kuliah,1
lampung pas,1
lari dari perkataan,1
lari dari dari,1
lanjuttt gasss go,1
lanjuttt gasss,1
lanjutkan karya andan,1
lanjutkan karya,1
languageim not kidding,1
languageim not,1
language as far,1
language as,1
langsung tanya ini,1
langsung tanya,1
langsung liatin orang,1
anjayy nyampe merinding,1
anjayy nyampe,1
anj this was,1
lathi dong react,1
lathi dong kak,1
lathi dong and,1
lathi ditahun,1
lathi deltarune black,1
lathi deltarune,1
lathi coh ngeri,1
lathi coh,1
lathi been so,1
lathi been,1
lathi and weird,1
lathi and feel,1
later weird genius,1
later weird,1
last year glad,1
last year,1
lathi is an,1
lathi is,1
lathi ini kita,1
lathi ini,1
lathi indonesia power,1
lathi indonesia,1
lathi hit views,1
lathi hit,1
lathi harga diri,1
lathi harga,1
lathi englishpushing through,1
lathi englishpushing,1
lathi end edit,1
lathi end,1
lathi emang seenak,1
lathi emang,1
lathi love,1
lathi lidah yang,1
lathi lidah,1
lathi lasttt,1
lathi langsung liatin,1
lathi langsung,1
lathi karena aku,1
lathi karena,1
lathi kamu tidak,1
lathi kamu,1
lathi juga banyakan,1
lathi juga,1
lathi javanese perkataan,1
lathi javanese,1
lathi jancuk bangga,1
lathi jancuk,1
lathi yang,1
lathi weird genius,1
lathi weird,1
lathi versi sundanya,1
lathi versi,1
lathi thn ini,1
lathi thn,1
lathi polumnia omnia,1
lathi polumnia,1
lathi pasti merinding,1
lathi pasti,1
lathi musik yang,1
lathi musik,1
lathi loveeee yooo,1
lathi loveeee,1
lathi love from,1
lestarikan budaya,1
lepas sia dah,1
lepas sia,1
left diamond,1
lebih bs trending,1
lebih bs,1
layak mendunia,1
lawan rupanya beneren,1
lawan rupanya,1
lawan jepe terus,1
lawan jepe,1
latihan smahpore pakai,1
latihan smahpore,1
lathi you have,1
lathi you,1
lathi yang ku,1
level love,1
level local pride,1
level local,1
level indonesian music,1
level indonesian,1
level enchantress yo,1
level enchantress,1
level ahh cannot,1
level ahh,1
lets make it,1
lets make,1
lets be honest,1
lets be,1
lestarilah budaya indonesia,1
lestarilah budaya,1
lestarikan budaya kita,1
liat dance,1
liat budaya indonesia,1
liat budaya,1
liat biar trendinggila,1
liat biar,1
lewat doang puter,1
lewat doang,1
level right now,1
level right,1
level proud neighbor,1
level proud,1
level of weird,1
level of,1
level music indonesia,1
level music,1
level love it,1
lidahnya perkataanya pushing,1
lidahnya perkataanya,1
lidah yang berarti,1
lidah yang,1
lidah katakata mendorong,1
liatnya the best,1
liatnya the,1
liatin orang luar,1
liatin orang,1
liat orang luar,1
liat orang,1
liat ini berulang,1
liat ini,1
liat fb ada,1
liat fb,1
liat dance version,1
like biar trend,1
like biar,1
like berkali kali,1
like berkali,1
like bagus bangett,1
like bagus,1
lihat film para,1
lihat film,1
lightning rage mode,1
lightning rage,1
light from the,1
light from,1
lies or painful,1
lies or,1
lies in the,1
lies in,1
like im with,1
like im,1
like enchantress from,1
like enchantress,1
like dong saya,1
like dong,1
like dislike rb,1
like dislike,1
like disek boss,1
like disek,1
like di bawah,1
like di,1
like dan kometar,1
like dan dislike,1
like comes from,1
like comes,1
anda kesalahan,1
and yeah was,1
and yeah,1
and wow its,1
and wow,1
and white flag,1
and white,1
and western,1
and weird genius,1
like mlzzz,1
like karna karya,1
like karna,1
like kali nih,1
like kali,1
like juta yang,1
like juta,1
like so,1
like slur,1
like sini kita,1
like sini,1
like semua komen,1
like semua,1
like people in,1
like people,1
like parah bagus,1
like parah,1
like nya bisa,1
like nya,1
anda tidak bisa,1
anda salah melakukan,1
anda salah,1
anda kesalahan melakukan,1
like your,1
like ya,1
like wtf this,1
like wtf,1
like who is,1
like who,1
like wg they,1
like wg,1
like upbeat songs,1
like upbeat,1
like trs nih,1
like trs,1
like this you,1
like this selfesteem,1
like the story,1
like so amazing,1
lirik ajining diri,1
lirik ajining,1
lingsir wengi remix,1
lingsir wengi alasan,1
limkokwing student from,1
limkokwing student,1
likes ive never,1
likes ive,1
likes gas terus,1
likes gas,1
likes agar masuk,1
likes agar,1
likenya manaaa,1
likein semua komen,1
likein semua,1
like your song,1
liriknya inggris,1
lirikny kren bnget,1
lirikny kren,1
liriklirik sedikit lah,1
liriklirik sedikit,1
lirik yang sangat,1
lirik yang,1
lirik nya easy,1
lirik nya,1
lirik jowone sg,1
lirik jowone,1
lirik jawanya lumayan,1
lirik jawa nya,1
lirik jawa,1
lirik bagian kowe,1
lirik bagian,1
listening lathi you,1
listening lathi,1
listening everyday,1
listening dan memadukan,1
listening dan,1
listeners shudder even,1
listeners shudder,1
listen to an,1
listen to,1
list but didnt,1
list but,1
lisannya seseorang bisa,1
lisannya seseorang,1
lisannya dalam berkata,1
lisannya dalam,1
liriknya inggris gaada,1
local cultural combinations,1
local cultural,1
live thank you,1
live thank,1
live lagu ini,1
live lagu,1
literally weired genius,1
literally weired,1
literally suggest this,1
literally suggest,1
listening video clip,1
listening video,1
listening to this,1
listening to song,1
listening this on,1
listening this,1
look from,1
look for it,1
look for,1
look am masterpiece,1
look am,1
long time thinking,1
long time comeback,1
lokal rasa luar,1
lokal rasa,1
loh astagah udah,1
loh astagah,1
lockdown social distancing,1
lockdown social,1
lockdown masa masa,1
lockdown masa,1
local pride,1
love fr,1
love for this,1
love for,1
lov this song,1
lov this,1
lot of work,1
lot of,1
lot indonesian music,1
lot indonesian culture,1
loss tidak pake,1
loss tidak,1
lord ozai battle,1
lord ozai,1
looking for english,1
looking for,1
look from the,1
love with,1
love this lot,1
love the music,1
love the lyrics,1
love the indonesian,1
love the concept,1
love of jawa,1
love of,1
love itrich with,1
love itrich,1
love it sooo,1
love it dude,1
love indonesia edited,1
love from canberra,1
love from australia,1
love fr malaysia,1
and wauuuw,1
and watched this,1
and watched,1
and was like,1
and was,1
and video is,1
and video,1
and unique from,1
and unique,1
and today saw,1
and today,1
and this is,1
and this,1
and theres always,1
loveeee yooo sara,1
love with this,1
luar harus,1
luar bisa bangett,1
luar bisa,1
luar biasa tanpa,1
luar biasa gaess,1
luar biasa edaaaan,1
luar biasa dng,1
luaaaaar biasaaaa,1
lu yng baru,1
lu yng,1
lu bro mantapp,1
lu bro,1
lu bangtrus berkarya,1
lu bangtrus,1
and weird,1
and wauuuw already,1
lumpat ti kasalahan,1
lumpat ti,1
lumayan trauma,1
lumayan suka ke,1
lumayan suka,1
luck wg thankyou,1
luck wg,1
luar yang reaction,1
luar yang,1
luar reaction ini,1
luar reaction,1
luar negrisemoga cepet,1
luar negrisemoga,1
luar negeri reaction,1
luar negeri juga,1
luar harus go,1
lyrics love the,1
lyrics love,1
lyrics in this,1
lyrics in,1
lyric plus sarah,1
lyric plus,1
lyric bhoso jowo,1
lyric bhoso,1
lurr keren dap,1
lurr keren,1
lumping there is,1
lumping there,1
lumping here it,1
lumping here,1
lumping an illustration,1
lumping an,1
made from indonesia,1
made from,1
made by indonesia,1
made by,1
maap kalo ada,1
maap kalo,1
ma head from,1
ma head,1
lyrics was born,1
lyrics was,1
lyrics tuning and,1
lyrics tuning,1
lyrics the vocals,1
lyrics the,1
lyrics remarkable concept,1
lyrics remarkable,1
maju terus seni,1
maju terus,1
majapahit indonesian,1
main gamelan makin,1
main gamelan,1
main cetik alat,1
main cetik,1
mah keren abisss,1
mah keren,1
made when heard,1
made when,1
made this song,1
made this,1
made me goose,1
made me,1
made indonesia,1
makeup artist on,1
makeup artist,1
makes me wanna,1
makes me goosebump,1
makes listeners shudder,1
makes listeners,1
make up ala,1
make up,1
make masterpiece like,1
make masterpiece,1
make it more,1
make it,1
make indonesia proud,1
make indonesia,1
make bahasa inggris,1
make bahasa,1
malah dari anak,1
malah dari,1
malah baru denger,1
malah baru,1
maksa pokonya bener,1
maksa pokonya,1
makna lagu ini,1
makna lagu,1
making this awesome,1
making this amazing,1
making song and,1
making song,1
makin ketengah lagu,1
makin ketengah,1
makin apik banget,1
makin apik,1
mampir kesini coment,1
mampir kesini,1
mampir ke sini,1
mampir ke,1
mamah muda ndasmu,1
mamah muda,1
mama really hope,1
mama really,1
malaysian people but,1
malaysian people,1
malaysian friends love,1
malaysian friends,1
malaysia but really,1
malaysia but,1
malah jdi candu,1
malah jdi,1
mana seluruh,1
mana nih yang,1
mana nih orang,1
mana ni suara,1
mana ni,1
mana gua gasuka,1
mana gua,1
mana belajar dirumah,1
mana belajar,1
man this is,1
man this,1
man thats dope,1
man thats,1
man look from,1
man look,1
mampir sini,1
mas alan,1
mas aku kepingin,1
mari nyimak bentaran,1
mari nyimak,1
many times you,1
many times,1
many thunders do,1
many thunders,1
many of us,1
many of,1
many chaos at,1
many chaos,1
mantepp sluurrr,1
mantap trus berkarya,1
mantap trus,1
mana seluruh dunia,1
masak video sebagus,1
masak video,1
masa pandemi,1
masa masanya,1
masa depan tahun,1
masa depan,1
masa covid di,1
masa corona,1
mas wes,1
mas weird genius,1
mas weird,1
mas pengen nyinden,1
mas pengen,1
mas me gusta,1
mas me,1
mas alan walker,1
and team,1
and still kekeyi,1
and still,1
and stays,1
and song both,1
and so genius,1
and so,1
and sister like,1
and sister,1
and remembered my,1
masi sering putar,1
masi sering,1
masi dengar ini,1
masi dengar,1
mashup but rather,1
mashup but,1
masih keren,1
masih gak paham,1
masih gak,1
masih di dislike,1
masih di,1
masih dengerin sampe,1
masih dengerin lathi,1
masih dengarin sampe,1
masih dengarin,1
masih ajh ada,1
masih ajh,1
and theres,1
and the dance,1
and the,1
and thanks bro,1
and thanks,1
masih terngiang di,1
masih suka dengerin,1
masih suka bolak,1
masih setia mendengarkan,1
masih setia dengar,1
masih sekarnag balik,1
masih sekarnag,1
masih saya dengar,1
masih saya,1
masih saja heran,1
masih saja,1
masih nonton februari,1
masih nonton,1
masih merinding denger,1
masih merinding,1
masih keren saja,1
masterpiece periodt,1
masterpiece like this,1
masterpiece like,1
masterpiece hope you,1
masterpiece hope,1
masterpiece go internasional,1
masterpiece go,1
masterpiece exists,1
masterpiece dude as,1
masterpiece dude,1
masterpiece cant get,1
masterpiece cant,1
masterpiece beneran,1
maslhhnya apaan sihhhmungkin,1
maslhhnya apaan,1
masih terngiang sama,1
mata pelajaran disekolah,1
mata pelajaran,1
masyarakat untuk melestarikan,1
masyarakat untuk,1
masuk ke gamelan,1
masuk ke,1
masuk di billboard,1
masuk di,1
masuk chart musik,1
masuk chart,1
masuk besar lagu,1
masuk besar,1
masterpiece wg hold,1
masterpiece wg,1
masterpiece the music,1
masterpiece the,1
mbak sinden pengen,1
mbak sinden,1
maybe this is,1
maybe this,1
maybe the next,1
maybe the,1
mayan banyak inter,1
mayan banyak,1
may god blessed,1
may god,1
mau karya sekecil,1
mau karya,1
mau dimana pun,1
mau dimana,1
mau berkolaborasi bikin,1
mau berkolaborasi,1
me find this,1
me find,1
me enchantress from,1
me enchantress,1
me encanta el,1
me encanta,1
me dope asf,1
me dope,1
me chills all,1
me chills,1
me bolos cabut,1
me bolos,1
me back to,1
me back,1
mbuatnya bangkit dan,1
mbuatnya bangkit,1
me or,1
me not enough,1
me not,1
me looking for,1
me looking,1
me how to,1
me how,1
me here,1
me gusta mucho,1
me gusta la,1
me goosebump really,1
me goosebump,1
me goose bump,1
me goose,1
me from indonesia,1
me from,1
melanggar semua,1
melalui rasa sakit,1
melalui rasa,1
megapai cita krn,1
megapai cita,1
mean imagine if,1
mean imagine,1
me why im,1
me why,1
me wanna raise,1
me wanna,1
me this music,1
me this,1
me thinking rn,1
me thinking,1
me or this,1
memadukan budaya,1
memadukan bahasa inggris,1
memadukan bahasa,1
melody is always,1
melody is,1
melihat semua nol,1
melihat semua,1
melihat ini semangat,1
melihat ini,1
melestarikan mulai menurun,1
melestarikan mulai,1
melayu riau bangga,1
melayu riau,1
melarikan diri dari,1
melarikan diri,1
melanggar semua aturan,1
membuat dengan,1
memberikan hal positif,1
memberikan hal,1
membawa kita ke,1
membawa kita,1
membaca mohon beri,1
membaca mohon,1
memang gasuka dan,1
memang gasuka,1
memandang negara dan,1
memandang negara,1
memajukan musik indonesia,1
memajukan musik,1
memadukan musik edmjawagamelan,1
memadukan musik,1
memadukan budaya jawaaaa,1
menangis sambil,1
memperkenalkan tanah air,1
memperkenalkan tanah,1
memory and the,1
memory and,1
memilih lagi jangan,1
memilih lagi,1
membuktikan bahwa dia,1
membuktikan bahwa,1
membuat music semacam,1
membuat music,1
membuat lagu perpaduan,1
membuat lagu,1
membuat ku lumayan,1
membuat ku,1
membuat dengan lagu,1
mendorong rasa,1
mendorong melalui rasa,1
mendorong melalui,1
mendengarkan lagu lathi,1
mendengarkan lagu,1
mendengar kalimat itu,1
mendengar kalimat,1
mendapatkan jt like,1
mendapatkan jt,1
mendapat tenaga dan,1
mendapat tenaga,1
mendalam aku suka,1
mendalam aku,1
mencet kali aku,1
mencet kali,1
menangis sambil jatuh,1
mengharumkan indonesia,1
menghancurkan kehidupan seseorang,1
menghancurkan kehidupan,1
mengerti kau tak,1
mengerti kau,1
mengangkat budaya dan,1
mengangkat budaya,1
mendunia sih ni,1
mendunia sih,1
mendunia lagu ini,1
mendunia lagu,1
mendunia karna lirikny,1
mendunia karna,1
mendunia ayo trendingkan,1
mendunia ayo,1
mendorong rasa sakit,1
mengubah segala,1
mengubah diriku begitu,1
mengubah diriku,1
mengpresiasi karya indonesia,1
mengpresiasi karya,1
mengisahkan cinta pangeran,1
mengisahkan cinta,1
menginginkan rasa sakit,1
menginginkan rasa,1
mengingatkanku saat psbb,1
mengingatkanku saat,1
mengingatkan ketika sedang,1
mengingatkan ketika,1
mengingat bulan puasa,1
mengingat bulan,1
mengharumkan indonesia di,1
merasa kesurupan,1
merasa bangga yang,1
merasa bangga,1
menyebar di tiktok,1
menyebar di,1
menurut ku pesan,1
menurut ku,1
menuju dunia donald,1
menuju dunia,1
menjelang puasa mengingat,1
menjelang puasa,1
menjaga ucapanlisan agar,1
menjaga ucapanlisan,1
mengubah semuanya terjadi,1
mengubah semuanya,1
mengubah segala alur,1
merinding anj,1
merinding ags kumpul,1
merinding ags,1
merindig kalau denger,1
merindig kalau,1
merem kah trending,1
merem kah,1
mereka tidak berhenti,1
mereka tidak,1
mereka searching sendiri,1
mereka searching,1
mereka mendapat tenaga,1
mereka mendapat,1
mereka dihargai agar,1
mereka dihargai,1
merasa kesurupan njir,1
merinding pas di,1
merinding lanjutkan karya,1
merinding lanjutkan,1
merinding gua tidak,1
merinding gua,1
merinding gitu gua,1
merinding gitu,1
merinding entah karena,1
merinding entah,1
merinding denger nya,1
merinding denger,1
merinding dan bangga,1
merinding dan,1
merinding asli wongjoworailangjawane,1
merinding asli,1
merinding anj this,1
merinding ya dengerin,1
merinding ya denger,1
merinding tiap mendengar,1
merinding tiap,1
merinding ternyata it,1
merinding ternyata,1
merinding sumpahh keren,1
merinding sumpahh,1
merinding setiap masuk,1
merinding setiap,1
merinding piye ngene,1
merinding piye,1
merinding pass lyric,1
merinding pass,1
merinding pas part,1
merinding pas edm,1
millons babylets goooooooo,1
millons babylets,1
millions view and,1
millions view,1
million views lets,1
million views,1
million likessssss,1
million dance,1
mi gusto musical,1
mi gusto,1
mexican american stumbled,1
mexican american,1
mewah dan megah,1
mewah dan,1
merusak semua aturan,1
merusak semua,1
mistik dan kt,1
mistik dan,1
mistakessomeones pride is,1
mistakessomeones pride,1
mistakes selfesteem is,1
mistakes selfesteem,1
mistaken as an,1
mistaken as,1
miss universe held,1
miss universe,1
minute of silence,1
minute of,1
minimal banget sebulan,1
minimal banget,1
minat masyarakat untuk,1
minat masyarakat,1
and read,1
and now this,1
and now,1
and more people,1
and more,1
and man thats,1
and man,1
and like the,1
and like,1
and just say,1
and just,1
and it was,1
mix with modern,1
mix with,1
mix of modern,1
mix of,1
mo anggun sasmikalian,1
mo anggun,1
mlayudst itu bhs,1
mlayudst itu,1
mlayu soko kesalahan,1
mlayu soko,1
mlayu gila truely,1
mlayu gila,1
mlayu beuhhh apalagi,1
mlayu beuhhh,1
mkin mantap trus,1
mkin mantap,1
mixed that song,1
mixed that,1
and remembered,1
and read it,1
mohon beri,1
modern wg why,1
modern wg,1
modern make masterpiece,1
modern make,1
modern genre,1
modern and especially,1
modern and,1
mode on edited,1
mode on,1
mode nya thor,1
mode nya,1
mo yang sudah,1
mo yang,1
mo left the,1
mo left,1
mother earth,1
most timely and,1
most timely,1
more viewers omg,1
more viewers,1
more people recognize,1
more people,1
months later weird,1
months later,1
month and wauuuw,1
month and,1
monggo coba dong,1
monggo coba,1
mom im so,1
mom im,1
mohon beri dukungan,1
much love for,1
much love,1
much like this,1
much like,1
much great thumbs,1
much great,1
mu itu,1
msica edm gracias,1
msica edm,1
mrinding pass lirik,1
mrinding pass,1
move to java,1
move to,1
move on from,1
move on,1
mother earth alffy,1
mulai menurun,1
mulai jadi sorotan,1
mulai jadi,1
mukbang jadi dah,1
mukbang jadi,1
mudahan dengan video,1
mudahan dengan,1
muda ndasmu love,1
muda ndasmu,1
mucho el tono,1
mucho el,1
muchh salute,1
much udah mengharumkan,1
much udah,1
much proud to,1
much proud,1
music at its,1
music at,1
music as the,1
music as,1
music artist,1
music application,1
music and song,1
music and,1
mungkin yang dislike,1
mungkin yang,1
mungkin karna genrenya,1
mungkin karna,1
muncul lagi setelah,1
muncul lagi,1
muncul emang the,1
muncul emang,1
music is so,1
music international,1
music instruments with,1
music instruments,1
music inspirasion for,1
music inspirasion,1
music ini yang,1
music ini,1
music industry took,1
music industry,1
music indonesia we,1
music indonesia,1
music deserve moreeeee,1
music deserve,1
music banget ini,1
music banget,1
music song,1
music semacam ini,1
music semacam,1
music played is,1
music played,1
music not for,1
music not,1
music no in,1
music no,1
music most timely,1
music most,1
music makes me,1
music makes,1
music love the,1
music love from,1
music is very,1
musical talents from,1
musical talents,1
music we are,1
music we,1
music vidio nya,1
music vidio,1
music video should,1
music video has,1
music video dedemit,1
music they are,1
music they,1
music the lyrics,1
music the atmosphere,1
music styles fit,1
music styles,1
music song and,1
musik edmjawagamelan dan,1
musik edmjawagamelan,1
musik edm yang,1
musik edm,1
musik dn lagu,1
musik dn,1
musik dengan weird,1
musik dengan,1
musik dan trending,1
musik dan seni,1
musik award like,1
musik award,1
musics station emang,1
musics station,1
musicnya kurang ahhh,1
musicnya kurang,1
musik suatu hari,1
musik suatu,1
musik sebagus ini,1
musik sebagus,1
musik nya tapi,1
musik nya,1
musik luar,1
musik lagu indonesia,1
musik lagu,1
musik kek lingsir,1
musik kek,1
musik ini tahun,1
musik ini,1
musik indonesia yang,1
musik indonesia dann,1
musik indo se,1
musisi lain congtatzzz,1
musisi lain,1
musisi gitu nih,1
musisi gitu,1
musisi dunia yang,1
musisi dunia,1
musiknyaterima kasih,1
musikny mewah dan,1
musikny mewah,1
musik yang dari,1
musik yang bergenre,1
musik yang begitu,1
musik yang amazing,1
musik tradisional lampung,1
musik tradisional dr,1
musik tradisional aku,1
my body,1
my beer this,1
my beer,1
my anthems,1
my anger out,1
my anger,1
mv the dancer,1
mv the,1
mv so fucking,1
mv so,1
muy feliz debo,1
muy feliz,1
must go international,1
must go,1
must be lot,1
must be,1
my iphone music,1
my iphone,1
my heart then,1
my heart,1
my grammar is,1
my grammar,1
my god the,1
my god,1
my first time,1
my first,1
my favorite song,1
my favorite,1
my english so,1
my english,1
my country apa,1
my body as,1
my self,1
my property,1
my playslist my,1
my playslist,1
my own country,1
my own,1
my opinion what,1
my opinion ini,1
my mom im,1
my mom,1
my memory and,1
my memory,1
my malaysian friends,1
my malaysian,1
my list but,1
my list,1
and in the,1
and in,1
and im also,1
and im,1
and her voice,1
and her,1
and heartless mengubah,1
and heartless lirik,1
and hear representation,1
and hear,1
and harmonious side,1
and harmonious,1
my wayang,1
my student when,1
my student,1
my self so,1
nang sanding segoro,1
nang sanding,1
name youre literally,1
name youre,1
name and today,1
name and,1
nama nya juga,1
nama nya,1
nailed it trendingkan,1
nailed it,1
nafkah dari tari,1
nafkah dari,1
myself am super,1
myself am,1
and it,1
and indonesian,1
negara mau,1
negara ini wkwkwk,1
negara ini,1
negara dan kebudayaan,1
negara dan,1
need to go,1
need to,1
need petition for,1
need petition,1
ne seng podo,1
ne seng,1
ndasmu love indonesia,1
ndasmu love,1
nasional wayang,1
nanti saat kau,1
nanti saat,1
negrisemoga cepet,1
negri sendiri dan,1
negri sendiri,1
negeri reaction lathi,1
negeri reaction,1
negeri menuju dunia,1
negeri menuju,1
negeri juga reaction,1
negeri juga,1
negeri bagus banget,1
negeri bagus,1
negara tidak nyangka,1
negara tidak,1
negara sendiri bro,1
negara sendiri,1
negara mau karya,1
never like,1
never heard that,1
never heard,1
never had so,1
never had,1
never forget this,1
never forget,1
never been so,1
never been,1
neng lathi jancuk,1
neng lathi,1
neng kono,1
neng kene wes,1
neng kene,1
neighbor timorleste,1
negrisemoga cepet kelar,1
ngalakukeun bela,1
next sundanese im,1
next sundanese,1
next new song,1
next new,1
next level of,1
next level music,1
next level local,1
next level enchantress,1
next alan walker,1
next alan,1
new song much,1
new song,1
new culture well,1
new culture,1
never like upbeat,1
ngerasain bangganya budaya,1
ngerasain bangganya,1
ngerasa merinding dan,1
ngerasa merinding,1
ngerasa bangga sendiri,1
ngerasa bangga,1
ngene iki jan,1
ngene iki,1
ngeliat karya sebagus,1
ngeliat karya,1
ngeliat ini kim,1
nge react sampe,1
nge react,1
nge dislike maslhhnya,1
nge dislike,1
ngalakukeun bela diri,1
ngundang kak sara,1
ngundang kak,1
ngumpulin orang yang,1
ngumpulin orang,1
ngulang lagunya sambil,1
ngulang lagunya,1
ngoroso awak wong,1
ngoroso awak,1
ngono rek jatim,1
ngono rek,1
ngeshare baru kali,1
ngeshare baru,1
ngeri lurr keren,1
ngeri lurr,1
ngerasain kek ini,1
ngerasain kek,1
nice so search,1
nice so,1
nice cgi effect,1
nice cgi,1
ni suara nya,1
ni suara,1
ni lagu ya,1
ni lagu kadang,1
ni lagu gilaaaa,1
ni harus banget,1
ni harus,1
ni gempak la,1
ni gempak,1
nh lagu,1
ngundang setan jelas,1
ngundang setan,1
nih yang,1
nih what hapen,1
nih what,1
nih vidio,1
nih seneng banget,1
nih seneng,1
nih pasti karna,1
nih pasti,1
nih orang jawa,1
nih orang,1
nih harus banget,1
nih harus,1
nih anjir,1
niceeeeee love it,1
niceeeeee love,1
nice song,1
no party,1
no on trending,1
no on,1
no javanese lyrics,1
no javanese,1
no in my,1
no in,1
no di internasional,1
no di,1
nntn video smpe,1
nntn video,1
nintin bli bli,1
nintin bli,1
niki agnez mo,1
niki agnez,1
nih yang masih,1
nonton chit chat,1
nonton chit,1
nonton ayo lah,1
nonton ayo,1
nol menyangkal semua,1
nol menyangkal,1
nol denying all,1
nol denying,1
noble loveeee yooo,1
noble loveeee,1
no wg no,1
no wg,1
no way out,1
no way,1
no saba que,1
no saba,1
nonton video nya,1
nonton video,1
nonton sambil merem,1
nonton sambil,1
nonton masih sekarnag,1
nonton masih,1
nonton lathi langsung,1
nonton lathi,1
nonton kekyi mukbang,1
nonton kekyi,1
nonton inin di,1
nonton inin,1
nonton februari like,1
nonton februari,1
nonton di ada,1
nonton di,1
not mistaken,1
not kidding this,1
not kidding,1
not just name,1
not just,1
not for tik,1
not for,1
not enough,1
not both,1
nostalgia keren sih,1
nostalgia keren,1
nostalgia era,1
nontonlah ini sebentar,1
nontonlah ini,1
nonton youtube eh,1
nonton youtube,1
nudity traditional international,1
nudity traditional,1
now this is,1
now this,1
now omg like,1
now omg,1
now my property,1
now my,1
now its masih,1
now its,1
nothing was lacking,1
nothing was,1
not russian,1
not run away,1
not run,1
not mistaken as,1
nya easy listening,1
nya easy,1
nya cukup general,1
nya cukup,1
nya bisa mencet,1
nya bisa,1
nya bener apa,1
nya bener,1
nya bagusss banget,1
nya bagusss,1
nya asli enak,1
nya asli,1
null karena semuanya,1
null karena,1
nul deying all,1
nul deying,1
nya sampe keluar,1
nya sampe,1
nya rata banyak,1
nya rata,1
nya produser dan,1
nya produser,1
nya orang jawa,1
nya orang,1
nya like dong,1
nya like,1
nya juga genius,1
nya juga,1
nya itu loh,1
nya itu,1
nya ganasss darkgothic,1
nya ganasss,1
nyangka sekeren,1
nyampe merinding gitu,1
nyampe merinding,1
nya weird,1
nya udah gilaaaaa,1
nya udah,1
nya tidak kalah,1
nya tidak,1
nya thor gila,1
nya thor,1
nya tapi ini,1
nya tapi,1
nya solo leveling,1
nya solo,1
nya si kekey,1
nya si,1
oarah kira bukan,1
oarah kira,1
nyindentapi karo dugem,1
nyindentapi karo,1
nyinden wg nyoh,1
nyinden wg,1
nyinden tapi yo,1
nyinden tapi seng,1
nyinden pake party,1
nyinden pake,1
nyimak bentaran lagu,1
nyimak bentaran,1
nyanyian jawa,1
nyanyi lagu lathi,1
nyanyi lagu,1
nyangka sekeren itu,1
of every lyric,1
of every,1
of eating lamp,1
of eating,1
of dominance control,1
of dominance,1
of courage to,1
of courage,1
of clip it,1
of clip,1
of arap and,1
of arap,1
oct after long,1
oct after,1
obsessed with this,1
obsessed with,1
of modern and,1
of modern,1
of lyrics tuning,1
of lyrics,1
of lathi and,1
of lathi,1
of jawa culture,1
of jawa,1
of java culture,1
of java,1
of is me,1
of is,1
of indonesian music,1
of indonesian,1
of indonesia culture,1
of indonesia,1
and glass,1
and fire lord,1
and fire,1
and fight the,1
and fight,1
and feel okay,1
and feel,1
and fan from,1
and fan,1
and everything are,1
and everything,1
and every single,1
and every,1
of pain tak,1
of my list,1
of my country,1
of tiktok,1
of this world,1
of this song,1
of the relationships,1
of the people,1
of the pains,1
of the javanese,1
of the goosebumps,1
of speech,1
of silence for,1
of silence,1
of resistance traditional,1
of resistance,1
and half javenese,1
and half,1
and glass but,1
oh my,1
oh damn my,1
oh damn,1
official theme song,1
official theme,1
official song fifa,1
official song,1
official music artist,1
official music,1
of you uppsss,1
of work,1
of weird genius,1
of weird,1
of us to,1
of us,1
of tiktok are,1
oktober hadir,1
oktober are still,1
oktober are,1
okay should find,1
okay should,1
ojo lali mas,1
ojo lali,1
ohoh seeing all,1
ohoh seeing,1
ohoh everything has,1
ohoh everything,1
ohh seeing all,1
ohh seeing,1
ohh everything has,1
ohh everything,1
oh my god,1
omg there,1
omg sarah ur,1
omg sarah,1
omg like this,1
omg like,1
omg cause this,1
omg cause,1
omg amazing song,1
omg amazing,1
old wach this,1
old wach,1
old javanese language,1
old javanese,1
oktovian damn man,1
oktovian damn,1
oktober here,1
on his tonguehis,1
on his,1
on himalaya mountain,1
on himalaya,1
on from this,1
on from,1
on edited thanks,1
on edited,1
on chans live,1
on another level,1
on another,1
omnia lathi deltarune,1
omnia lathi,1
omg this is,1
omg this from,1
omg there have,1
one day,1
on youtube its,1
on youtube,1
on tv the,1
on trending its,1
on trending,1
on top of,1
on top,1
on tiktok was,1
on tiktok me,1
on tiktok and,1
on the mv,1
on the,1
on mama,1
on international industry,1
on international,1
and eka,1
and curse dan,1
and cant wait,1
and cant,1
and can say,1
and can feel,1
and am obsessed,1
and am,1
and always bringing,1
and always,1
one salute,1
one powerful song,1
one powerful,1
one on international,1
one on,1
one day may,1
ono neng lathi,1
ono neng,1
ono ing ati,1
only unacceptable thing,1
only unacceptable,1
only thing they,1
only thing,1
only one who,1
only one,1
one who get,1
one who,1
one this you,1
one this,1
and especially javanese,1
and especially,1
and eka bigrespect,1
opinion the way,1
opinion the,1
opinion ini salah,1
opinion ini,1
opinion avatar aang,1
opinion avatar,1
opini sendiri ya,1
opini sendiri,1
open it cuz,1
open it,1
ooh seeing all,1
ooh seeing,1
ooh everything has,1
ooh everything,1
onok seng merinding,1
onok seng,1
or wg but,1
or wg,1
or ugly because,1
or ugly,1
or this gives,1
or this,1
or single and,1
or single,1
or painful words,1
or painful,1
or modern wg,1
or modern,1
or is it,1
or is,1
opinion what is,1
opinion what,1
orang jawa mana,1
orang jawa asli,1
orang jawa aku,1
orang indonesiaskrg indonesia,1
orang indonesiaskrg,1
orang indonesia penyanyinya,1
orang indonesia,1
orang gaptek disangkain,1
orang gaptek,1
orang bodoh melanggar,1
orang bodoh broken,1
orang barat hayo,1
orang barat,1
ora wg ora,1
ora wg,1
ora party,1
our traditional music,1
our traditional,1
our new culture,1
our new,1
others dominantly glass,1
others dominantly,1
other local cultural,1
other local,1
org luar yang,1
org luar,1
orang yng kaga,1
orang yng,1
orang yang ngeshare,1
orang yang abis,1
orang luar reaction,1
orang luar negrisemoga,1
overpower banget,1
overalli love itrich,1
overalli love,1
over my body,1
over my,1
over again the,1
over again great,1
outlets go internasional,1
outlets go,1
out this topic,1
out this,1
out of this,1
out of,1
out its indonesian,1
out its,1
out brooooooh,1
padahal ini,1
padahal gua peka,1
padahal gua,1
padahal banyak org,1
padahal banyak,1
pada lidahnya perkataanya,1
pada lidahnya,1
pada budek sama,1
pada budek,1
ozai battle scene,1
ozai battle,1
oyyy no wg,1
oyyy no,1
own country they,1
own country such,1
overpower banget nh,1
anaono ing lathi,1
anaono ing,1
anakukaget selera dia,1
anakukaget selera,1
anak th alias,1
anak th,1
anak melayu riau,1
anak melayu,1
anak indonesia,1
anak bangsa lebih,1
pain just,1
paham dengerin mantepp,1
paham dengerin,1
padahal keren banget,1
padahal keren,1
padahal ini karya,1
pak soekarno tersenyum,1
pak soekarno,1
pains its my,1
pains its,1
painful words evil,1
painful words,1
pain turn myself,1
pain turn my,1
pain tak pernah,1
pain tak,1
pain mendorong rasa,1
pain mendorong,1
pain just like,1
and also the,1
and also,1
and all crews,1
pangeran terhadap seorang,1
pangeran terhadap,1
pancen istimewa,1
paling keren gue,1
paling keren,1
paling bingung bagian,1
paling bingung,1
pake party wg,1
pake party,1
pake lama,1
pake banget bangetnext,1
pake banget,1
pakai tws baru,1
pakai tws,1
pakai lagu ini,1
pakai lagu,1
part omg,1
part always giving,1
part always,1
parody gwp,1
parah sih harusnya,1
parah sih,1
parah dah,1
parah bahasa jawa,1
parah bahasa,1
parah bagus banget,1
parah bagus,1
paraahh benerrr,1
para betina pengikut,1
para betina,1
pantes cuma keliling,1
pantes cuma,1
pas kita,1
pas edm gamelan,1
pas edm,1
pas di bagian,1
pas di,1
pas darkside nya,1
pas darkside,1
party wg yoo,1
party wg gass,1
party mas wes,1
party mas,1
party karo nyinden,1
party karo,1
part touch my,1
part touch,1
part omg sarah,1
pasti disurga,1
pass lyric bhoso,1
pass lyric,1
pass lirik jowone,1
pass lirik,1
pas sara fajira,1
pas sara,1
pas pelajaran guru,1
pas pelajaran,1
pas part kowe,1
pas part,1
pas lirik ajining,1
pas lirik,1
pas kuliah main,1
pas kuliah,1
pas kita kerja,1
peka banget sama,1
peka banget,1
pegel pegel dah,1
pegel pegel,1
pegel dah tangan,1
pegel dah,1
pecah lathi love,1
pecah lathi,1
pcr lockdown social,1
pcr lockdown,1
pasti orang gaptek,1
pasti orang,1
pasti merinding asli,1
pasti karna tidak,1
pasti karna,1
pasti disurga bangga,1
pengen nyindentapi,1
pengen nyinden pake,1
pengen ngumpulin orang,1
pengen ngumpulin,1
pengen liat orang,1
pengen liat,1
pencipta lagu penyanyi,1
pencipta lagu,1
pen nonton youtube,1
pen nonton,1
pembawa barat jadi,1
pembawa barat,1
pelajaran guru bk,1
pelajaran guru,1
pelajaran disekolah ku,1
pelajaran disekolah,1
penuh mistik dan,1
penuh mistik,1
pengikut iblis,1
penghujung tahun good,1
penghujung tahun,1
penghasilannya kecil banget,1
penghasilannya kecil,1
penghargaan buat musisi,1
penghargaan buat,1
pengen woyyy karena,1
pengen woyyy,1
pengen weird genius,1
pengen weird,1
pengen party karo,1
pengen party,1
pengen nyindentapi karo,1
people of lathi,1
people of,1
people involved flamethrower,1
people involved,1
people in toxic,1
people in,1
people certainly know,1
people certainly,1
people but love,1
people but,1
people behind the,1
people behind,1
penyanyinya baru sadar,1
penyanyinya baru,1
penyanyi nya produser,1
penyanyi nya,1
performed on mama,1
performed on,1
performed at school,1
performed at,1
perfectly play it,1
perfectly play,1
perfectly good job,1
perfectly good,1
perfect changes are,1
perfect changes,1
perasaan ini lagu,1
perasaan ini,1
people who dont,1
people who cant,1
people recognize your,1
people recognize,1
an old javanese,1
an old,1
an indonesian wayang,1
an indonesian stay,1
an indonesian song,1
an indonesian makeup,1
an indonesian and,1
perkataan ucapan,1
perkataan mu itu,1
perkataan mu,1
perkataan bisa mengubah,1
perkataan bisa,1
perjuangkan tidak pernah,1
perjuangkan tidak,1
perjuangkan never wanted,1
perjuangkan never,1
perpaduan yang,1
perpaduan musik yang,1
perpaduan musik,1
perpaduan jawa sama,1
perpaduan jawa,1
perpaduan eletric dan,1
perpaduan eletric,1
pernah menginginkan rasa,1
pernah menginginkan,1
permusikan di youtube,1
permusikan di,1
perkataanya pushing through,1
perkataanya pushing,1
perkataan ucapan persons,1
anak bangsa bukan,1
anak bangsa bisa,1
pertama denger saja,1
pertama denger,1
pertama dari indonesia,1
pertama dari,1
pertama covid,1
persons personality is,1
persons personality,1
personality is judged,1
personality is,1
person who made,1
person who,1
persik nyanyi lagu,1
persik nyanyi,1
persatuan tidak memandang,1
persatuan tidak,1
perpaduan yang traditional,1
piala musik award,1
piala musik,1
philippines at first,1
philippines at,1
petition for gmmtv,1
petition for,1
pesannya sangat mendalam,1
pesannya sangat,1
pesan dri lagu,1
pesan dri,1
pertama tau versi,1
pertama tau,1
pertama kali nge,1
pertama kali denger,1
pertama it isnt,1
pertama it,1
please jgn,1
playslist my iphone,1
playslist my,1
played is amazing,1
played is,1
played in autralia,1
played in,1
play ini pagi,1
play ini,1
plagiat konsep musik,1
plagiat konsep,1
pke aerphon malah,1
pke aerphon,1
piye ngene iki,1
piye ngene,1
pin me,1
popularitas budaya,1
polumnia omnia lathi,1
polumnia omnia,1
pokonya bener bener,1
pokonya bener,1
pokoknya good bagus,1
pokoknya good,1
pokoknya budaya indonesia,1
pokoknya budaya,1
plus sarah damn,1
plus sarah,1
plus keren semoga,1
plus keren,1
pliss kangen masa,1
pliss kangen,1
please jgn sampe,1
potensi besar,1
posting lagi ini,1
posting lagi,1
possible remix lathi,1
possible remix,1
positif saja mungkin,1
positif saja,1
positif bagi negara,1
positif bagi,1
por la gran,1
por la,1
por ampliar mi,1
por ampliar,1
populer lagunya wo,1
populer lagunya,1
popularitas budaya tergeser,1
production was,1
production is insane,1
production is,1
proccess viewers go,1
proccess viewers,1
pride is on,1
pride is,1
ppkm pcr lockdown,1
ppkm pcr,1
powerful song love,1
powerful song,1
power you can,1
power you,1
potrayed indonesian culture,1
potrayed indonesian,1
potensi besar banget,1
proud to see,1
proud this song,1
proud this,1
proud of this,1
proud neighbor timorleste,1
proud neighbor,1
proud be indonesia,1
proud be,1
project lu yng,1
project lu,1
project ini,1
produser dan semua,1
produser dan,1
produk asli indonesia,1
produk asli,1
production was really,1
puente cada vez,1
puente cada,1
puasa mengingat bulan,1
puasa mengingat,1
puasa masa pandemi,1
puasa masa,1
psbb ppkm pcr,1
psbb ppkm,1
ps ini opini,1
ps ini,1
proudddd even dont,1
proudddd even,1
proud with this,1
proud with,1
proud while listening,1
proud while,1
punya wg dari,1
punya wg,1
punya potensi besar,1
punya potensi,1
punya lagu sebagus,1
punya lagu,1
punten jawa like,1
punten jawa,1
pun masih merinding,1
pun masih,1
pun itu kalo,1
pun itu,1
pun ikut heran,1
pun ikut,1
pun heran kenapa,1
pun heran,1
que esto tena,1
que esto,1
putri niki agnez,1
putri niki,1
putri cerita cinta,1
putri cerita,1
puterin langsung tanya,1
puterin langsung,1
puterin lagu ini,1
puterin lagu,1
puter lagu ini,1
puter lagu,1
puter kali juga,1
puter kali,1
purpose of every,1
purpose of,1
an illustration of,1
an illustration,1
an awesome song,1
an awesome,1
an amazing video,1
an amazing,1
an act of,1
an act,1
ampun kok bisa,1
ampun kok,1
ampun kemana saja,1
ampun kemana,1
ampliar mi gusto,1
ampliar mi,1
que gracias por,1
que gracias,1
ramadhan dirumahaja psbb,1
ramadhan dirumahaja,1
rama sawarga lumpat,1
rama sawarga,1
raiso mlayudst itu,1
raiso mlayudst,1
raise the red,1
raise the,1
rage mode nya,1
rage mode,1
rabu oktober here,1
rabu oktober,1
que la cancin,1
que la,1
an incredible music,1
an incredible,1
react sampe,1
react lathi and,1
rb subs,1
rb dalam jt,1
rb dalam,1
rather the whole,1
rather the,1
rata banyak dapat,1
rata banyak,1
rasanya jadi pengen,1
rasanya jadi,1
rasa sakit semacam,1
rasa luar harus,1
rasa luar,1
rarely get on,1
rarely get,1
read it again,1
read it,1
reaction super gg,1
reaction super,1
reaction paraahh benerrr,1
reaction paraahh,1
reaction lathi juga,1
reaction lathi,1
reaction ini,1
reaction bangchan dia,1
reaction bangchan,1
reaction bang chan,1
reaction bang,1
reacted to this,1
reacted to,1
react sampe di,1
really like the,1
really is in,1
really is,1
really hope for,1
really hope,1
really good the,1
really good,1
really awesome glad,1
really awesome,1
really appreciate this,1
really appreciate,1
really amazing and,1
really amazing,1
really amazethat awsome,1
really amazethat,1
real estate,1
reason itu semua,1
reason itu,1
realty in august,1
realty in,1
reallyi got goosebumped,1
reallyi got,1
really want to,1
really want,1
really relate to,1
really relate,1
really perfect changes,1
really perfect,1
really merinding pas,1
really merinding,1
really love this,1
really love of,1
relationship really is,1
relationship really,1
relationship am wrong,1
relationship am,1
relate to the,1
relate to,1
rek jatim seng,1
rek jatim,1
rek huhu,1
red and white,1
red and,1
recommendation searched for,1
recommendation searched,1
recomendacin stay,1
recognize your music,1
recognize your,1
remarkable concept,1
remains noble loveeee,1
remains noble,1
release live lagu,1
release live,1
release bener booming,1
release bener,1
relationships sometimes it,1
relationships sometimes,1
relationship wow,1
relationship tpi di,1
relationship tpi,1
relationship they hurt,1
relationship they,1
relationship someone who,1
relationship someone,1
representation of,1
repost this before,1
repost this,1
remix that someone,1
remix that,1
remix lathi polumnia,1
remix lathi,1
remix full bass,1
remix full,1
remix ama gagak,1
remix ama,1
remembered my memory,1
remembered my,1
remember when im,1
remember when,1
remarkable concept of,1
reza arap,1
reza arab weird,1
reza arab,1
restoran siap saji,1
restoran siap,1
respect kepada tim,1
respect kepada,1
respect from india,1
respect from,1
resistance traditional dance,1
resistance traditional,1
resist and fight,1
resist and,1
request buat di,1
request buat,1
representation of the,1
riri anaono,1
right now omg,1
right now,1
rid of the,1
rid of,1
rich brian stephanie,1
rich brian,1
riau bangga jadi,1
riau bangga,1
rhythm dalam ni,1
rhythm dalam,1
reza who suggest,1
reza who,1
reza oktovian damn,1
reza oktovian,1
reza arap eka,1
rules merusak,1
rorojonggrang yang mengisahkan,1
rorojonggrang yang,1
room todayy this,1
room todayy,1
room emang udah,1
room emang,1
room and wow,1
room and,1
rock nailed it,1
rock nailed,1
rn indonesian people,1
rn indonesian,1
rising well take,1
rising well,1
riri anaono ing,1
saat aktifitas,1
rupanya beneren tidak,1
rupanya beneren,1
run from mistakessomeones,1
run from,1
run away from,1
run away,1
rules seeing all,1
rules seeing,1
rules ooh seeing,1
rules ooh,1
rules ohoh seeing,1
rules ohoh,1
rules ohh seeing,1
rules ohh,1
rules merusak semua,1
saja heran kenapa,1
saja heran,1
saja gue,1
sadar lagu ini,1
sadar lagu,1
sadar ada lirik,1
sadar ada,1
sabtu oktober anyone,1
sabtu oktober,1
saba que esto,1
saba que,1
saat psbb ppkm,1
saat psbb,1
saat kau sudah,1
saat kau,1
saat aktifitas di,1
saja ternyata waktu,1
saja rasanya jadi,1
saja rasanya,1
saja nih seneng,1
saja mungkin yang,1
saja mungkin,1
saja merinding piye,1
saja merinding,1
saja masih suka,1
saja masih,1
saja mas alan,1
saja mas,1
saja ketiga keinget,1
saja ketiga,1
saja kedua denger,1
saja kedua,1
amazing wonderful job,1
amazing wonderful,1
amazing video and,1
amazing video,1
amazing the stage,1
amazing the,1
amazing teruslah berkaryagas,1
amazing teruslah,1
amazing talent,1
amazing song goo,1
amazing song,1
amazing music video,1
saja ya dan,1
saja ya,1
saja udah ngerasain,1
saja udah,1
salah satu restoran,1
salah satu musik,1
salah satu lagumvkarya,1
salah melakukan harga,1
salah melakukan,1
sakit semacam ini,1
sakit semacam,1
saka kesalahan kamu,1
saji pas kita,1
saji pas,1
saja yang bagian,1
saja yang,1
amit jangan sampe,1
amit jangan,1
american stumbled upon,1
american stumbled,1
sama era,1
sama buta kali,1
sama buta,1
sama akukalian nonton,1
sama akukalian,1
saluttt banget karyanya,1
saluttt banget,1
salut lah sama,1
salut lah,1
salut keren banget,1
salut keren,1
salut bro tetep,1
salut bro,1
salam from malaysian,1
salam from,1
salam dari rusia,1
sama standarisasi kebagusan,1
sama standarisasi,1
sama lu bangtrus,1
sama lu,1
sama lirik jawanya,1
sama lirik,1
sama like semua,1
sama lagu ini,1
sama lagu,1
sama kksemoga lagu,1
sama kksemoga,1
sama inggrisnyaa gilaaa,1
sama inggrisnyaa,1
sama gamelan lalu,1
sama gamelan,1
sama era ini,1
sampah yang bisa,1
sampah yang,1
same time it,1
same time,1
sambil ngerasain bangganya,1
sambil ngerasain,1
sambil merem kah,1
sambil merem,1
sambil jatuh cinta,1
sambil jatuh,1
sambil baca komentar,1
sambil baca,1
sama weird genius,1
sama weird,1
sama suara tembanggamelanapalah,1
sama suara,1
sampe hari ini,1
sampe hari,1
sampe di setel,1
sampe di remix,1
sampe akhir dan,1
sampe akhir,1
sampai tak bisa,1
sampai tak,1
sampai sekarang siapa,1
sampai sekarang,1
sampai orang luar,1
sampai orang,1
sampai diulangulang ini,1
sampai diulangulang,1
sampai disini dukung,1
sampai disini,1
sanding segoro,1
sana gass to,1
sana gass,1
sampe sekarang mana,1
sampe sejauh ini,1
sampe sejauh,1
sampe merinding lanjutkan,1
sampe merinding,1
sampe mereka searching,1
sampe mereka,1
sampe keulang lagi,1
sampe keulang,1
sampe keluar negeri,1
sampe keluar angkasa,1
sampe jadi mata,1
sampe jadi,1
sara fajiraaa and,1
sara fajiraaa,1
sara fajira mas,1
sara fajira jatoh,1
sara fajira goes,1
sara and all,1
sara and,1
sangka mengejutkan,1
sangat tajam,1
sangat mendalam aku,1
sangat mendalam,1
sangat keren memadukan,1
sangat keren,1
sangat fantastik edit,1
sangat fantastik,1
sanding segoro kidul,1
amazing me,1
amazing im glad,1
amazing im,1
amazing brother succes,1
amazing brother,1
amazing art,1
amazing and im,1
amazing and,1
amazethat awsome and,1
amazethat awsome,1
amazed me dope,1
amazed me,1
amazed dengan bagian,1
amazed dengan,1
sarah damn it,1
sarah damn,1
satu restoran siap,1
satu restoran,1
satu musik indonesia,1
satu musik,1
satu lagumvkarya yang,1
satu lagumvkarya,1
satu kata buat,1
satu kata,1
satu hari setelahnya,1
satu hari,1
sasmikalian nontonlah ini,1
sasmikalian nontonlah,1
sarah ur voice,1
sarah ur,1
amazing music,1
amazing me from,1
saya dengar di,1
saya dengar,1
saya dari berbagai,1
saya dari,1
saya dah tambah,1
saya dah,1
saya bahkan tidak,1
saya bahkan,1
say this kind,1
say this is,1
say anything really,1
say anything,1
sawarga lumpat ti,1
sawarga lumpat,1
saw video and,1
saw video,1
scene mode on,1
scene mode,1
scene congrats and,1
scene congrats,1
saya terlahir sebagai,1
saya terlahir,1
saya tahu bahwa,1
saya tahu,1
saya request buat,1
saya request,1
saya merinding ternyata,1
saya merinding,1
saya latihan smahpore,1
saya latihan,1
saya kerja di,1
saya kerja,1
sebagus ini masih,1
sebagus ini gatau,1
sebagus ini ada,1
sebagai orang indonesiaskrg,1
searching sendiri soal,1
searching sendiri,1
searched for it,1
searched for,1
search it in,1
search it,1
se vea muy,1
se vea,1
se uwow gini,1
se uwow,1
scroll tiktok seharian,1
scroll tiktok,1
secara tidak,1
secara apik yang,1
secara apik,1
sebulan sekali mampir,1
sebulan sekali,1
sebuah perkataan bisa,1
sebuah perkataan,1
sebuah kutukan karena,1
sebuah kutukan,1
sebentar saja mas,1
sebentar saja,1
sebelum akhir bulan,1
sebelum akhir,1
sebanyak itu sini,1
sebanyak itu,1
sebagus ini selalu,1
seems repost this,1
seems repost,1
seeing all nul,1
see this next,1
see this,1
see it on,1
see it,1
see in few,1
see in,1
see and hear,1
see and,1
sedikit lah ke,1
sedikit lah,1
sedang lockdown masa,1
sedang lockdown,1
secara tidak asal,1
sekali lewat doang,1
sekali lewat,1
sekali lagi keren,1
sekali lagi,1
sejauh ini alhamdulilah,1
sejauh ini,1
sejak jaman hits,1
sejak jaman,1
segoro kidul apa,1
segoro kidul,1
segi konsep nya,1
segi konsep,1
segala alur cerita,1
segala alur,1
seenak itusuka bangetkesini,1
seenak itusuka,1
sekeren ini ko,1
sekelas global gini,1
sekelas global,1
sekecil apapun itumohon,1
sekecil apapun,1
sekarnag balik lagi,1
sekarnag balik,1
sekarang siapa,1
sekarang mana ni,1
sekarang mana,1
sekarang dah tua,1
sekarang dah,1
sekarang agustus play,1
sekarang agustus,1
sekali mampir sini,1
sekali mampir,1
selalu merindig kalau,1
selalu merindig,1
selalu menjaga ucapanlisan,1
selalu menjaga,1
selalu bikin kangen,1
selalu bikin,1
selalu bagus,1
sekrng dari nonton,1
sekrng dari,1
sekolah pas pelajaran,1
sekolah pas,1
sekeren itu musik,1
sekeren itu,1
sekeren inj trending,1
sekeren inj,1
sekeren ini masih,1
self so cold,1
self so,1
selera dia keren,1
selera dia,1
selasa september,1
selamat wg juta,1
selamat wg,1
selamat buat semua,1
selamat buat,1
selamat akhirnya juta,1
selamat akhirnya,1
selalu smangattt buattt,1
selalu smangattt,1
selalu merinding tiap,1
selalu merinding setiap,1
selalu merinding pas,1
semangat untuk berkarya,1
semangat untuk,1
semangat terus karya,1
semangat terus,1
semangat berkarya boss,1
semangat berkarya,1
semakin berkibar ke,1
semakin berkibar,1
semacam ini membuat,1
semacam ini lagi,1
seluruh dunia ber,1
seluruh dunia agnez,1
selfesteem lies in,1
selfesteem lies,1
selfesteem is in,1
selfesteem is,1
amaze really amazethat,1
amaze really,1
amattttt gilaaaaaaaaaaaaaya tuhan,1
amattttt gilaaaaaaaaaaaaaya,1
amat lah ama,1
amat lah,1
ama gagak,1
ama edm anjayy,1
ama edm,1
ama bacot orang,1
ama bacot,1
am wrong if,1
am wrong,1
am very proud,1
semangat weird genius,1
semangat weird,1
semua cinta,1
semua aturan seeing,1
semua aturan melihat,1
semua amit jangan,1
semua amit,1
sempat mendunia lagu,1
sempat mendunia,1
semoga tembus juta,1
semoga tembus,1
semoga karya seni,1
semoga karya,1
semoga bisa juta,1
semoga bisa,1
semangattt kakak,1
amazed cuz theres,1
amazed cuz,1
sendiri bro gih,1
sendiri bro,1
semuanya nol denying,1
semuanya nol,1
semua yang saya,1
semua transitioner telat,1
semua transitioner,1
semua terjadi karena,1
semua terjadi,1
semua nol menyangkal,1
semua nol,1
semua komen yang,1
semua komen biar,1
semua kebenaran semuanya,1
semua kebenaran everything,1
semua cinta adalah,1
seng karo,1
seng akur lurr,1
seng akur,1
seneng banget musik,1
seneng banget krn,1
seneng banget gw,1
sendiri ya maap,1
sendiri ya,1
sendiri soal musik,1
sendiri soal,1
sendiri salut lah,1
sendiri salut,1
sendiri liatnya the,1
sendiri liatnya,1
sendiri dan giliran,1
sendiri dan,1
sentences became realty,1
sentences became,1
sense that indonesian,1
sense that,1
seni tari dari,1
seni tari,1
seni kalian semakin,1
seni kalian,1
seni indonesia,1
seng podo like,1
seng podo,1
seng ngoroso awak,1
seng ngoroso,1
seng merinding pass,1
seng merinding,1
seng karo dugeman,1
september inget,1
sept anyone,1
sepi yang nonton,1
sepi yang,1
seperti yang aku,1
seperti yang,1
seperti rich brian,1
seperti rich,1
seperti ini turned,1
seperti ini membuat,1
sepenggalan saja yang,1
sepenggalan saja,1
sepecahhh ini cintabudayaindonesia,1
sepecahhh ini,1
seorang putri cerita,1
seorang putri,1
seriusan pas sara,1
seriusan pas,1
seriously this song,1
seriously this,1
seriously amaze really,1
seriously amaze,1
sering putar,1
sering nonton kekyi,1
sering nonton,1
sepwrti ini layak,1
sepwrti ini,1
september ya ampun,1
september ya,1
september sumpah lagunya,1
september sumpah,1
september inget covid,1
setanumahku nang,1
setan juga,1
setan jelas liriknya,1
setan jelas,1
setahun saja ya,1
setahun saja,1
sesuatu yang membuat,1
sesuatu yang kami,1
seseorang yang berambisi,1
seseorang yang,1
seseorang bisa dinilai,1
seseorang bisa,1
seseorang atau diri,1
seseorang atau,1
seseorang ada pada,1
seseorang ada di,1
setia mendengarkan,1
setia dengar musik,1
setia dengar,1
setelahnya komentar ini,1
setelahnya komentar,1
setelah tau ini,1
setelah tau,1
setelah reaction bang,1
setelah reaction,1
setelah liat dance,1
setelah liat,1
setel sampe akhir,1
setel sampe,1
setau gue lirik,1
setau gue,1
setanumahku nang sanding,1
she is,1
she did the,1
she did,1
she body good,1
she body,1
sg podo like,1
sg podo,1
sg mrinding pass,1
sg mrinding,1
setuju like di,1
setuju like,1
setiap masuk ke,1
setiap masuk,1
setiap kali dengar,1
setiap kali,1
setia mendengarkan lagu,1
should afraid,1
shock on the,1
shock on,1
shock like this,1
shock like,1
shiver while listening,1
shiver while,1
shes singing into,1
shes singing,1
shes like enchantress,1
shes like,1
she take the,1
she take,1
she kept indonesian,1
she kept,1
she is good,1
am the only,1
am the,1
am super proud,1
am super,1
am obsessed with,1
am obsessed,1
am not russian,1
am not,1
am masterpiece wg,1
am masterpiece,1
am malaysian people,1
am malaysian,1
am from into,1
should find it,1
should find,1
should afraid of,1
si kekey,1
shudder even though,1
shudder even,1
show how toxic,1
show how,1
should win best,1
should win,1
should proud be,1
should proud,1
should know this,1
should know tapi,1
should go into,1
should go,1
am very,1
am trully proud,1
am trully,1
siapa yang kira,1
siapa tau kalian,1
siapa tau,1
siapa saja nih,1
siapa saja,1
siapa kgn vibes,1
siapa kgn,1
siapa keren bangettt,1
siapa keren,1
siap saji pas,1
siap saji,1
sia dah days,1
sia dah,1
si top banget,1
si top,1
si kekey bokan,1
sih ini keren,1
sih indonesia bisa,1
sih indonesia,1
sih harusnya lebih,1
sih harusnya,1
sih gajelas dengerin,1
sih gajelas,1
sih bilang karena,1
sih bilang,1
side that emerges,1
side that,1
side of the,1
side of,1
sickkkk as javanese,1
sickkkk as,1
siapa yang ngulang,1
sih yang dislike,1
sih yang,1
sih tahun sudah,1
sih tahun,1
sih setiap kali,1
sih setiap,1
sih ni lagu,1
sih ni,1
sih lagunya apalagi,1
sih lagunya,1
sih keren banget,1
sih keren,1
sih kalau indonesia,1
sih kalau,1
sih ini woy,1
sih ini lagu,1
single and,1
singing into javanese,1
singing into,1
sinden pengen party,1
sinden pengen,1
sinden mas pengen,1
sinden aku pengen,1
sinden aku,1
silence for all,1
silence for,1
sik jenenge luar,1
sik jenenge,1
siipi ying kisini,1
siipi ying,1
sihhhmungkin iri yhhh,1
sihhhmungkin iri,1
sister like,1
sini sini cerita,1
sini sini,1
sini lagi setelah,1
sini lagi,1
sini kita trending,1
sini kita,1
sini gua jadi,1
sini gua,1
sini cerita sama,1
sini cerita,1
sini bln september,1
sini bln,1
single watched some,1
single watched,1
single and every,1
sndiri kok,1
smpe jt viewers,1
smpe jt,1
smpe habis masak,1
smpe habis,1
smbil jlan kmna,1
smbil jlan,1
smangattt buattt kryaa,1
smangattt buattt,1
smahpore pakai lagu,1
smahpore pakai,1
sma sudah main,1
sma sudah,1
slow part touch,1
slow part,1
sister like this,1
so fckin epic,1
so fckin,1
so famous back,1
so famous,1
so eargasm for,1
so eargasm,1
so dang bro,1
so dang,1
so bad,1
so awesome had,1
so awesome,1
so amazing brother,1
so amazing,1
sngaat luar biasa,1
sngaat luar,1
sndiri kok masih,1
so much like,1
so much great,1
so many chaos,1
so many,1
so how many,1
so how,1
so grateful to,1
so grateful,1
so good that,1
so genius for,1
so genius,1
so genious,1
so fucking niceeeeee,1
so fucking,1
so fckn great,1
so fckn,1
so thank,1
so talented good,1
so talented,1
so shock on,1
so shock like,1
so search it,1
so search,1
so really want,1
so really,1
so proudddd even,1
so proudddd,1
so proud while,1
so proud,1
so muchhh,1
so much udah,1
so much proud,1
some connection,1
solo leveling,1
soko lathi pasti,1
soko lathi,1
soko kesalahan ajineng,1
soekarno tersenyum melihat,1
soekarno tersenyum,1
social distancing yang,1
social distancing,1
soal reaction bangchan,1
soal reaction,1
soal musik indo,1
soal musik,1
so underrated even,1
so underrated,1
so thank you,1
always giving me,1
always giving,1
always bringing the,1
always bringing,1
always beenkak react,1
always beenkak,1
alur cerita kehidupan,1
alur cerita,1
also the mv,1
also the actor,1
also proud to,1
also proud,1
someone after,1
some video and,1
some video,1
some connection with,1
song after,1
song about feel,1
song about,1
sometimes it also,1
sometimes it,1
something we founght,1
someone who controls,1
someone who,1
someone tell me,1
someone tell,1
someone made when,1
someone made,1
someone after getting,1
am from,1
always in ma,1
always in,1
song came from,1
song came,1
song but wow,1
song but,1
song both at,1
song both,1
song beautiful especially,1
song beautiful,1
song and video,1
song and man,1
song and indonesian,1
song and her,1
song and cant,1
song and also,1
song and all,1
song after long,1
song everrrrrrrr,1
song editwahhthanks for,1
song editwahhthanks,1
song dude,1
song deserves more,1
song deserves,1
song contest theres,1
song contest,1
song compete in,1
song compete,1
song combining edm,1
song combining,1
song combined with,1
song combined,1
song cant stop,1
song cant,1
song hope,1
song goo views,1
song goo,1
song get to,1
song get,1
song from westerners,1
song from tiktok,1
song from my,1
song from chans,1
song from an,1
song for any,1
song for,1
song fifa world,1
song fifa,1
song exist tiktok,1
song exist,1
song is the,1
song is so,1
song is really,1
song is nice,1
song is my,1
song is killed,1
song is it,1
song is great,1
song is drop,1
song is done,1
song is completely,1
song is coming,1
song is awesome,1
song im gamer,1
song im,1
song hope all,1
song much love,1
song much,1
song makes me,1
song makes,1
song made me,1
song made by,1
song lyrics was,1
song lyrics,1
song love this,1
song love,1
song jawa lagu,1
song jawa,1
song ive fallen,1
song ive,1
song it was,1
song it,1
song such,1
song still gives,1
song still,1
song song that,1
song song,1
song so muchhh,1
song should win,1
song should,1
song selalu merinding,1
song selalu,1
song sama,1
song really like,1
song really,1
song on chans,1
song need to,1
song need,1
songreally good,1
songlets go outlets,1
songlets go,1
song was from,1
song was,1
song unpopular opinion,1
song unpopular,1
song this is,1
song this,1
song the music,1
song the best,1
song that is,1
song that,1
song ternyata wow,1
song ternyata,1
song such as,1
sorotan orang luar,1
sorotan orang,1
sopo sg mrinding,1
sopo sg,1
sooo well,1
sooo damnnn muchh,1
sooo damnnn,1
sooner thanking bang,1
sooner thanking,1
soo deep lov,1
soo deep,1
songs production was,1
songs production,1
songs but do,1
songs but,1
songreally good songlets,1
squad villainthe,1
squad vibes,1
spt membawa kita,1
spt membawa,1
spotify oh damn,1
spotify oh,1
sperti ini dri,1
sperti ini,1
speechless wow,1
speech maybe this,1
speech maybe,1
south korea,1
soul to resist,1
soul to,1
sorry if my,1
sorry if,1
already love,1
almost millons babylets,1
almost millons,1
allah to be,1
allah to,1
allah keren banget,1
allah keren,1
all waiting for,1
all waiting,1
stage is if,1
stage is,1
srsly this song,1
srsly this,1
squad we have,1
squad we,1
squad villainthe light,1
stay yang,1
stay thank you,1
stay thank,1
stay por ampliar,1
stay por,1
station emang pecah,1
station emang,1
standarisasi kebagusan mereka,1
standarisasi kebagusan,1
stage turun dari,1
stage turun,1
also describes the,1
also describes,1
also dancing edm,1
also dancing,1
already love this,1
stop heard this,1
stop heard,1
still young and,1
still young,1
still played in,1
still played,1
still kekeyi is,1
still kekeyi,1
still here,1
still gives me,1
still gives,1
still gimme goosebumps,1
still gimme,1
stephanie putri niki,1
stephanie putri,1
stay yang liat,1
styles fit,1
stumbled upon this,1
stumbled upon,1
student when she,1
student when,1
student from bangladesh,1
student from,1
stray kids that,1
stray kids,1
story versi,1
story nya cukup,1
story nya,1
story guess its,1
story guess,1
stop listening lathi,1
stop listening everyday,1
such an awesome,1
such an,1
succes you and,1
succes you,1
suatu hari saya,1
suatu hari dimana,1
suatu alasan sejak,1
suatu alasan down,1
suarane edit yo,1
suarane edit,1
suara tembanggamelanapalah itu,1
suara tembanggamelanapalah,1
suara nya,1
suara kek gitu,1
suara kek,1
styles fit sooo,1
sudah mengerti kau,1
sudah mengerti,1
sudah main cetik,1
sudah main,1
sudah jt saja,1
sudah jt,1
sudah go internasional,1
sudah go,1
sudah dan di,1
sudah dan,1
such dope wish,1
such dope,1
such beautiful songreally,1
such beautiful,1
such as this,1
such as,1
suka bangett,1
suka banget sama,1
suka bagus kek,1
suka bagus,1
suicide squad we,1
suicide squad villainthe,1
suicide squad vibes,1
suggest this to,1
suggest this,1
suggest that javaness,1
suggest that,1
sudah tahun saja,1
sudah tahun dari,1
sudah tahun berlalu,1
sudah menyebar di,1
sudah menyebar,1
sukahadeuhhh pokoknya good,1
sukahadeuhhh pokoknya,1
suka pake banget,1
suka pake,1
suka musik kek,1
suka musik,1
suka lirik nya,1
suka lirik,1
suka ke empat,1
suka ke,1
suka dengerin,1
suka dari dulumusiknya,1
suka dari,1
suka bolak balik,1
suka bolak,1
suka bangett perpaduan,1
sumpah lagu,1
sumpah ini lagu,1
sumpah ini,1
sumpah di didengerin,1
sumpah di,1
sumpah demi allah,1
sumpah demi,1
sumpah berkualitas dong,1
sumpah berkualitas,1
sumatra dll,1
sulawesi sumatra dll,1
sulawesi sumatra,1
sukses megapai cita,1
sukses megapai,1
sukakenapa gak suka,1
sukakenapa gak,1
sundanese im,1
sundanese congratulations weird,1
sundanese congratulations,1
sumpahhh yang dislike,1
sumpahhh yang,1
sumpahh keren banget,1
sumpahh keren,1
sumpah yaaw bangga,1
sumpah yaaw,1
sumpah sih ini,1
sumpah sih,1
sumpah ni harus,1
sumpah ni,1
sumpah lagunya keren,1
sumpah lagunya,1
sumpah lagu terbagus,1
all over,1
all null karena,1
all nul deying,1
all nul,1
all imagine if,1
symbolizes courage,1
symbol of courage,1
symbol of,1
support this song,1
support this,1
super proud to,1
super proud,1
super gg bangga,1
super gg,1
sundanya ges,1
sundanese im hoping,1
tahun berlalu sekarang,1
tahun berlalu awal,1
tahu lagu keren,1
tahu lagu,1
tahu kalo ini,1
tahu kalo,1
tahu bahwa ini,1
tahu bahwa,1
tahap pertama it,1
ta di sangka,1
ta di,1
symbolizes courage that,1
all people who,1
all people of,1
all people behind,1
all over my,1
tahun masa,1
tahun lepas sia,1
tahun lepas,1
tahun lalu java,1
tahun lagu ini,1
tahun lagu,1
tahun jt view,1
tahun jt,1
tahun ini harus,1
tahun ini,1
tahun inget banget,1
tahun inget,1
tahun good luck,1
tahun good,1
tahun dari jaman,1
tahun dari,1
tak berasa umur,1
tak berasa,1
tak akan ku,1
tak akan,1
tahun yang lalu,1
tahun yang,1
tahun tidak kerasa,1
tahun tidak,1
tahun tapi tetep,1
tahun tapi tampil,1
tahun tahun lalu,1
tahun tahun,1
tahun sudah dan,1
tahun sudah,1
tahun saja ternyata,1
tahun masa corona,1
talented good,1
talent laga kolosal,1
talent laga,1
take the thunder,1
take the,1
take role,1
take her thanks,1
take her,1
take all of,1
take all,1
tak pernah menginginkan,1
tak pernah,1
tak kerasa sudah,1
tak kerasa,1
tak berperasaan but,1
tak berperasaan,1
tanpa battaass,1
tangan berkali ngeliat,1
tangan berkali,1
tanah air,1
tan ama edm,1
tan ama,1
tampil lagi di,1
tampil lagi,1
tambahan tombol like,1
tambahan tombol,1
tambah tahun,1
tambah musikny mewah,1
tambah musikny,1
talents from various,1
talents from,1
talented good jobs,1
tapi tampil,1
tapi seng karo,1
tapi seng,1
tapi satu hal,1
tapi satu,1
tapi kalo ini,1
tapi kalo,1
tapi ini mah,1
tapi ini,1
tapi enak didenger,1
tapi enak,1
tanya ini lagu,1
tanya ini,1
tanpa plagiat konsep,1
tanpa plagiat,1
tanpa battaass edm,1
tau ini,1
tau bahwa persatuan,1
tau bahwa,1
tau arti nya,1
tau arti,1
tari jawa temenku,1
tari jawa,1
tari dari indonesia,1
tari dari,1
tari dan atraksi,1
tari dan,1
tapi yo karo,1
tapi yo,1
tapi tetep bagus,1
tapi tetep,1
tapi tampil lagi,1
tell me,1
telat membuat dengan,1
telat membuat,1
telah mengubah semuanya,1
telah mengubah,1
telah berubah semuanya,1
telah berubah it,1
tauku sepenggalan saja,1
tauku sepenggalan,1
tau video ini,1
tau video,1
tau versi full,1
tau versi,1
tau kalian mau,1
tau kalian,1
tau ini lagu,1
temen yang puterin,1
temen yang,1
tembuskan jt like,1
tembuskan jt,1
tembusin juta likes,1
tembusin juta,1
tembusin jt view,1
tembusin jt,1
tembus juta tayang,1
tembus juta,1
tembus jt viewers,1
tembanggamelanapalah itu disebutnya,1
tembanggamelanapalah itu,1
teman saya dari,1
teman saya,1
tell me why,1
terasa tahun,1
terasa sudah tahun,1
terasa sudah,1
tepuk tangan berkali,1
tepuk tangan,1
tentang seseorang yang,1
tentang seseorang,1
tengah like,1
tenan aku dadi,1
tenan aku,1
tenaga dan harapan,1
tenaga dan,1
tena video me,1
tena video,1
temenku ada yang,1
temenku ada,1
tercengang ngeliat,1
terbesar untuk indonesia,1
terbesar untuk,1
terbanyak di indonesia,1
terbanyak di dunia,1
terbanyak demi mengpresiasi,1
terbanyak demi,1
terbaik terbanyak demi,1
terbaik terbanyak,1
terbaik di duniabiar,1
terbaik di,1
terbagus kedua di,1
terbagus kedua,1
terasa udah thun,1
terasa udah,1
terasa tahun berlalu,1
all for the,1
all for,1
all crews who,1
all crews,1
alias tidak asal,1
alias tidak,1
alias anakukaget selera,1
alias anakukaget,1
alffy rev,1
album musik dengan,1
album musik,1
terhadap seorang putri,1
terhadap seorang,1
tergeser jaman dan,1
tergeser jaman,1
tercengang ngeliat ini,1
terkesan maksa pokonya,1
terkesan maksa,1
terjadi karena alasan,1
teringat wkt covid,1
teringat wkt,1
teringat kisah rorojonggrang,1
teringat kisah,1
terimakasih atas ciptaan,1
terimakasih atas,1
terhitung jumlahnya dan,1
terhitung jumlahnya and,1
terharu baru kali,1
terharu baru,1
all imagine,1
all guys goin,1
all guys,1
ternyata ada jawa,1
ternyata ada,1
terngiang sama ni,1
terngiang sama,1
terngiang di kepala,1
terngiang di,1
termasuk karya dari,1
termasuk karya,1
termasuk aku jugasemangat,1
termasuk aku,1
terlibat di dalam,1
terlibat di,1
terlibat dalam project,1
terlibat dalam lagu,1
terlahir sebagai orang,1
terlahir sebagai,1
terus di kasih,1
terus di,1
tersenyum melihat ini,1
tersenyum melihat,1
terobos ajalah anyink,1
terobos ajalah,1
ternyata wow saya,1
ternyata wow,1
ternyata waktu begitu,1
ternyata waktu,1
ternyata usah tahun,1
ternyata usah,1
ternyata it actually,1
ternyata it,1
ternyata bisa berjuang,1
ternyata bisa,1
tetep saja masih,1
tetep bikin karya,1
tetep bikin,1
tetep bagus banget,1
tetep bagus,1
teruslah berkaryagas,1
terus smpe jt,1
terus smpe,1
terus seni indonesia,1
terus seni,1
terus sama lirik,1
terus sama,1
terus memajukan musik,1
terus memajukan,1
terus karya anak,1
terus karya,1
thanking bang,1
thank you guys,1
thank you for,1
thank you channie,1
thank you chan,1
thank greetings from,1
thank greetings,1
than this,1
th hadir,1
th alias anakukaget,1
th alias,1
tf they so,1
tf they,1
tetep semangat untuk,1
tetep semangat,1
tetep saja merinding,1
that held,1
that emerges from,1
that emerges,1
thankyou so much,1
thankyou so,1
thanks weirdyou are,1
thanks weirdyou,1
thanks weird geniuskalian,1
thanks weird,1
thanks to reza,1
thanks to,1
thanks for the,1
thanks for,1
thanks bro for,1
thanks bro,1
thanking bang chan,1
that someone,1
that remains noble,1
that remains,1
that play it,1
that play,1
that name and,1
that name,1
that javaness lyrics,1
that javaness,1
that javanese words,1
that javanese,1
that is mix,1
that is,1
that indonesian is,1
that indonesian,1
that held in,1
thats why,1
thats dope the,1
thats dope,1
thats amazing music,1
thats amazing,1
that would be,1
that would,1
that traditional music,1
that traditional,1
that the person,1
that the,1
that symbolizes courage,1
that symbolizes,1
that song ternyata,1
that song,1
that someone made,1
alasan gua,1
alasan down from,1
alasan down,1
alan walker liriklirik,1
alan walker in,1
ala ahmanet aura,1
ala ahmanet,1
akur lurr,1
akukalian nonton sambil,1
the atmosphere the,1
the atmosphere,1
the another universe,1
the another,1
the actor inside,1
the actor,1
thats why like,1
the challenge,1
the best witch,1
the best song,1
the best sih,1
the best performance,1
the best masuk,1
the best ever,1
the beginning to,1
the beginning,1
the beautiful and,1
the beautiful,1
the avatar overalli,1
the avatar,1
alat musik tradisional,1
alat musik dan,1
alasan gua tidak,1
the darkest,1
the dancer the,1
the dancer,1
the dance is,1
the dance,1
the culture you,1
the culture mix,1
the contest this,1
the contest,1
the conjuring,1
the concept love,1
the concept,1
the chorus take,1
the chorus cant,1
the chat with,1
the challenge this,1
the javanese culture,1
the instrumentals the,1
the instrumentals,1
the indonesian culture,1
the indonesian,1
the goosebumps,1
the gifted graduation,1
the gifted,1
the geniusm of,1
the geniusm,1
the first heard,1
the feelings of,1
the feelings,1
the end nothing,1
the end,1
the darkest side,1
aku sampai tak,1
aku sampai,1
aku pengen nyindentapi,1
aku orang jawa,1
aku orang,1
aku masih terngiang,1
aku masih,1
aku like kali,1
aku like,1
aku lakuin wkwkwk,1
the lyrics the,1
the lyrics love,1
the lies or,1
the lies,1
the javanese part,1
the javanese enchantress,1
the next level,1
the next alan,1
the mv the,1
the mv so,1
the music styles,1
the music song,1
the music most,1
the music love,1
the melody is,1
the melody,1
the man look,1
the man,1
akukalian nonton,1
aku suka,1
aku selalu merinding,1
aku selalu,1
the purpose,1
the production is,1
the production,1
the person who,1
the person,1
the people involved,1
the people,1
the pains its,1
the pains,1
the pain just,1
the pain,1
the only unacceptable,1
the only thing,1
the only one,1
the official theme,1
the official,1
the sense that,1
the sense,1
the scene congrats,1
the scene,1
the same time,1
the same,1
the rules seeing,1
the rules ooh,1
the rules ohoh,1
the rules ohh,1
the rules merusak,1
the relationships sometimes,1
the relationships,1
the red and,1
the red,1
the purpose of,1
the timeeeeeeeeee,1
the tiktok editing,1
the tiktok,1
the thunder to,1
the thunder,1
the story guess,1
the story,1
the stage is,1
the stage,1
the songs production,1
the songs,1
the song the,1
the song such,1
the song still,1
the song so,1
the song and,1
the way of,1
the vocals those,1
the visuals everythings,1
the visuals,1
the universe should,1
the universe,1
the truth ooh,1
the truth ohoh,1
the truth ohh,1
the truth menyangkal,1
the truth everything,1
the top one,1
the top,1
the tongue ethics,1
the tongue,1
the timeeeeeeeeee wa,1
themselves but,1
theme song for,1
theme song,1
their own country,1
their own,1
their art comments,1
their art,1
the world of,1
the world,1
the witch is,1
the witch,1
the whole song,1
the whole,1
the way you,1
the way ya,1
the way she,1
they are truly,1
they are in,1
theres indonesian culture,1
theres indonesian,1
theres big chance,1
theres big,1
theres always beenkak,1
theres always,1
there is no,1
there have lot,1
there have,1
then move to,1
then move,1
then but yet,1
then but,1
themselves but cant,1
they will win,1
they will,1
they so underrated,1
they so,1
they should afraid,1
they should,1
they hurt themselves,1
they hurt,1
they dont feel,1
they dont,1
they deserve better,1
they deserve,1
they choose kuda,1
they choose,1
they can combine,1
they can,1
thinking about this,1
thinking about,1
think this song,1
think this,1
think it is,1
think it,1
things fire eater,1
things fire,1
thing they should,1
thing they,1
thing about this,1
thing about,1
thick javanese elements,1
thick javanese,1
theyre deserve world,1
theyre deserve,1
this from indonesian,1
this from,1
this before everyone,1
this before,1
this awesome song,1
this awesome,1
this at spotify,1
this at,1
this and like,1
this and it,1
this amazing art,1
this amazing,1
this am not,1
this am,1
thinking rn indonesian,1
thinking rn,1
aku kepingin,1
aku jugasemangat,1
aku jadi teringat,1
aku jadi,1
aku impikan perpaduan,1
aku impikan,1
aku dilahirkan sebagai,1
aku dilahirkan,1
aku dari masa,1
aku dari,1
aku dadi wong,1
aku dadi,1
aku berharap kawan,1
aku berharap,1
this gives me,1
this gives,1
this lot,1
this is world,1
this is so,1
this is one,1
this is now,1
this is next,1
this is indonesia,1
this is in,1
this is good,1
this is culture,1
this is as,1
this is amazing,1
this hope you,1
this hope,1
aku lakuin,1
aku kepingin nyinden,1
aktifitas di bumi,1
aktifitas di,1
akhlak woyyyyy,1
akhlak jir,1
akhirnyaa lagu yang,1
akhirnyaa lagu,1
akhirnya juta views,1
akhirnya juta,1
akhirnya cuma lathi,1
this me not,1
this me,1
this masterpiece exists,1
this masterpiece,1
this made indonesia,1
this made,1
this lot indonesian,1
this one salute,1
this on chans,1
this next level,1
this next,1
this music they,1
this music not,1
this music no,1
this music makes,1
this music deserve,1
this music as,1
aku bangga sama,1
aku bangga dengan,1
aku anak melayu,1
aku anak,1
akting dia di,1
akting dia,1
this song makes,1
this song it,1
this song im,1
this song get,1
this song editwahhthanks,1
this song deserves,1
this song compete,1
this song combining,1
this song cant,1
this song came,1
this song beautiful,1
this song after,1
this selfesteem lies,1
this selfesteem,1
this opinion the,1
this opinion,1
this wasnt in,1
this wasnt,1
this was western,1
this was dope,1
this video also,1
this video,1
this topic waiting,1
this topic,1
this to my,1
this to,1
this song was,1
this song should,1
this song selalu,1
this song sama,1
this song really,1
this song need,1
thought that the,1
thought that,1
though im sundanese,1
though im,1
those feelings when,1
those feelings,1
thor gila suka,1
thor gila,1
thn ini,1
this you should,1
this you have,1
this world,1
this which is,1
this which,1
this when performed,1
this when,1
tiap tahun,1
tiap mendengar kalimat,1
tiap mendengar,1
tiap di dengernyaaa,1
tiap di,1
ti kasalahan kuring,1
ti kasalahan,1
thunders do you,1
thunders do,1
thunder to she,1
thunder to,1
thun yang lalu,1
thun yang,1
thumbs up,1
thought this was,1
thought this,1
akhir tahun,1
akhir dan di,1
akhir dan,1
akhir bulan desember,1
akhir bulan,1
akan ku lepaskan,1
akan ku,1
akan berhasil,1
ak bali agm,1
ak bali,1
ajining riri anaono,1
ajining riri,1
ajining diri soko,1
tiba kangen,1
tiba fyp gak,1
tiba fyp,1
tidak bisa nntn,1
tidak berhenti sampai,1
tidak berhenti,1
tidak berenti dengerin,1
tidak berenti berenti,1
tidak banyak orang,1
tidak banyak,1
tidak ada lawan,1
tidak ada bosennya,1
tidak abisseriusan suka,1
tidak abisseriusan,1
tiba tiba kangen,1
tiba tiba fyp,1
tiba kangen lagu,1
akhirnya cuma,1
akhir tahun jt,1
tidak nyangka,1
tidak menghancurkan kehidupan,1
tidak menghancurkan,1
tidak memandang negara,1
tidak memandang,1
tidak kerasa ya,1
tidak kalah keren,1
tidak kalah,1
tidak jelas bisa,1
tidak jelas,1
tidak dapat melarikan,1
tidak dapat,1
tidak bosan masih,1
tidak bosan,1
tidak boming di,1
tidak boming,1
ajh ada,1
ajalah anyink download,1
ajalah anyink,1
ajalah anjgg,1
aih seneng banget,1
aih seneng,1
ahmanet aura hitam,1
ahmanet aura,1
ahhh kurang lama,1
ahhh kurang,1
ahh cannot stop,1
tidak tahu kalo,1
tidak tahu,1
tidak pake lama,1
tidak pake,1
tidak nyangka sekeren,1
tik tok wow,1
tik tok kids,1
tiga kata itu,1
tiga kata,1
tidak trending udah,1
tidak trending sekeren,1
tidak trending nih,1
tidak tranding padahal,1
tidak tranding,1
tidak terkesan maksa,1
tidak terkesan,1
tidak terasa tahun,1
tidak terasa sudah,1
ajineng diri ono,1
ajineng diri,1
ajh ada yang,1
tiktok editing thought,1
tiktok editing,1
tiktok dewi persik,1
tiktok dewi,1
tiktok dengan versi,1
tiktok dengan,1
tiktok cuman tauku,1
tiktok cuman,1
tiktok brought me,1
tiktok brought,1
tiktok are legends,1
tiktok are,1
tiktok and am,1
tiktok and,1
tiktod goyang mamah,1
tiktod goyang,1
time heard,1
time comeback here,1
time comeback,1
tim weird jenius,1
tim weird,1
tiktok was so,1
tiktok was,1
tiktok seharian,1
tiktok me find,1
tiktok me,1
tiktok itu bung,1
tiktok itu,1
tiktok its free,1
tiktok its,1
tiktok hippity hoppty,1
tiktok hippity,1
times you,1
timely and unique,1
timely and,1
timeeeeeeeeee wa even,1
timeeeeeeeeee wa,1
time thinking about,1
time thinking,1
time the song,1
time the,1
time listen to,1
time listen,1
time it so,1
time it,1
time hearing this,1
time hearing,1
time heard this,1
to get my,1
to get,1
to do things,1
to do,1
to dance to,1
to dance,1
to be performed,1
to appreciate their,1
to appreciate,1
to another level,1
to another,1
to an indonesian,1
to an,1
timur endi suarane,1
timur endi,1
times you have,1
to resist and,1
to resist,1
to my malaysian,1
to my,1
to million likessssss,1
to million,1
to java part,1
to java,1
to international the,1
to international soon,1
to hear and,1
to hear,1
to have heard,1
to have,1
to go internasional,1
to go further,1
to this am,1
to the end,1
to the culture,1
to take all,1
to take,1
to stop listening,1
to stop,1
to song this,1
to song,1
to she body,1
to she,1
to see this,1
to see it,1
to see and,1
to reza who,1
to reza,1
tok wow,1
tok kids btw,1
tok kids,1
todayy this song,1
todayy this,1
today saw video,1
today saw,1
to you your,1
to you,1
to wear this,1
to wear,1
to use this,1
to use,1
to top trending,1
to top,1
to this and,1
took it to,1
took it,1
too soon,1
too good lathi,1
too good,1
tono vocal de,1
tono vocal,1
tonguehis words,1
tongue speech maybe,1
tongue speech,1
tongue ethics in,1
tongue ethics,1
tombol like bagus,1
tombol like,1
tombol dowload,1
tok wow this,1
toxic relationship am,1
touch my heart,1
touch my,1
topic waiting for,1
topic waiting,1
top trending indonesia,1
top trending,1
top top,1
top one on,1
top one,1
top of my,1
top of,1
top maju terus,1
top maju,1
top banget semangat,1
top banget,1
tradisional or,1
tradisional lampung pas,1
tradisional lampung,1
tradisional dr sma,1
tradisional dr,1
tradisional aku berharap,1
tradisional aku,1
tradision majapahit indonesian,1
tradision majapahit,1
tpi di kemas,1
tpi di,1
toxic relationship wow,1
toxic relationship tpi,1
toxic relationship they,1
toxic relationship someone,1
toxic relationship really,1
tranding ini,1
traditional top top,1
traditional top,1
traditional music played,1
traditional music instruments,1
traditional international talent,1
traditional international,1
traditional instrument but,1
traditional instrument,1
traditional dance ilustrates,1
traditional dance,1
tradition concept with,1
tradition concept,1
tradisional yang lagi,1
tradisional yang,1
tradisional or modern,1
ah menangis,1
agustus play ini,1
agustus play,1
agustus hadir,1
ags kumpul,1
agnez mo yang,1
agnez mo left,1
agnez mo anggun,1
agm bali,1
agar usaha mereka,1
agar usaha,1
agar tidak menghancurkan,1
agar tidak,1
tranding padahal banyak,1
tranding padahal,1
tranding ini lagu,1
trending indonesia jangan,1
trending indonesia aneh,1
trending hadeuhhh,1
trending dari lagu,1
trending dari,1
trending cuk,1
trapped in toxic,1
trapped in,1
translate cant run,1
translate cant,1
transitioner telat membuat,1
transitioner telat,1
transisi semua transitioner,1
transisi semua,1
ahh cannot,1
ah menangis sambil,1
trending nya sampe,1
trending nya,1
trending number,1
trending nih what,1
trending nih,1
trending lathi weird,1
trending lathi,1
trending lagunya easy,1
trending lagunya,1
trending kan semoga,1
trending kan rek,1
trending kan gua,1
trending itu ini,1
trending itu,1
trending its speechless,1
trending its,1
trendinggila sih,1
trendingg oyyy no,1
trendingg oyyy,1
trending yoshhh we,1
trending yoshhh,1
trending woii ini,1
trending woii,1
trending why tf,1
trending why,1
trending udah pada,1
trending udah,1
trending trending trending,1
trending sekeren inj,1
trending sekeren,1
trending proccess viewers,1
trending proccess,1
trully proud,1
truely weird and,1
truely weird,1
trs nih anjir,1
trs nih,1
troboss ajalah anjgg,1
troboss ajalah,1
tristan reacted to,1
tristan reacted,1
trendingkan trending trending,1
trendingkan trending,1
trendingkan gaesssss tembus,1
trendingkan gaesssss,1
trendingkan biar weird,1
trendingkan biar,1
trendinggila sih keren,1
truth ooh,1
truth ohoh everything,1
truth ohoh,1
truth ohh everything,1
truth ohh,1
truth menyangkal semua,1
truth menyangkal,1
truth everything has,1
truth everything,1
trus berkarya ciptakan,1
trus berkarya,1
trump tepuk tangan,1
trump tepuk,1
truly genius how,1
truly genius,1
trully proud this,1
tunggu tunggu ktemuuu,1
tunggu tunggu,1
tunggu ktemuuu,1
tune if im,1
tune if,1
tulis ternyata usah,1
tulis ternyata,1
tuhan aku sampai,1
tuhan aku,1
tuh dikantor krn,1
tuh dikantor,1
tuh biasanya ada,1
tuh biasanya,1
tua saja,1
tryna brought,1
truth ooh everything,1
ucapan persons personality,1
ucapan persons,1
ucapan menurut ku,1
ucapan menurut,1
tws baru sadar,1
tws baru,1
tv the song,1
tv the,1
turun dari tahap,1
turun dari,1
turn myself so,1
turn myself,1
turn my self,1
turn my,1
tuning and everything,1
tuning and,1
udah keren banget,1
udah keren,1
udah go internasional,1
udah go,1
udah gilaaaaa keren,1
udah gilaaaaa,1
udah dengerin berkali,1
udah dengerin,1
udah denger suara,1
udah denger,1
udah ada di,1
udah ada,1
uda denger lagu,1
uda denger,1
ucapanlisan agar tidak,1
ucapanlisan agar,1
udah sepi yang,1
udah sepi,1
udah puter lagu,1
udah puter,1
udah pada budek,1
udah pada,1
udah ngerasain kek,1
udah ngerasain,1
udah mulai jadi,1
udah mulai,1
udah mengharumkan indonesia,1
udah mengharumkan,1
udah make up,1
udah make,1
udah lagu ini,1
udah lagu,1
ulang belum,1
ulaaangg kali tidak,1
ulaaangg kali,1
ugly because uwaww,1
ugly because,1
udah thun yang,1
udah thun,1
udah tahun tidak,1
udah tahun saja,1
udah tahun lalu,1
udah tahun lagu,1
udah tahun berlalu,1
udah suka dari,1
udah suka,1
udah setahun saja,1
udah setahun,1
unique from,1
understand what is,1
understand what,1
underrated even in,1
underrated even,1
unacceptable thing about,1
unacceptable thing,1
un tercengang ngeliat,1
un tercengang,1
umur saya dah,1
umur saya,1
ulang sambil ngerasain,1
ulang sambil,1
ulang jujur dr,1
ulang jujur,1
ulang belum bosen,1
untuk berkarya,1
unsur kebudayaan sekali,1
unsur kebudayaan,1
unsur budaya kita,1
unsur budaya,1
unsur alat musik,1
unsur alat,1
unreal the only,1
unreal the,1
unpopular opinion avatar,1
unpopular opinion,1
universe should know,1
universe should,1
universe held in,1
universe held,1
unique from philippines,1
up ala ahmanet,1
up ala,1
untuk viral gajelas,1
untuk viral,1
untuk tidak pernah,1
untuk tidak,1
untuk sukses megapai,1
untuk sukses,1
untuk sesuatu yang,1
untuk sesuatu,1
untuk sejenak,1
untuk melestarikan mulai,1
untuk melestarikan,1
untuk indonesia di,1
untuk indonesia,1
untuk berkarya buktikan,1
usah tahun yang,1
usah tahun,1
us to you,1
us to,1
us just my,1
us just,1
ur voice when,1
ur voice damn,1
uppsss sorry if,1
uppsss sorry,1
upon this song,1
upon this,1
upbeat songs but,1
upbeat songs,1
up trending number,1
up trending,1
versi full,1
vea muy feliz,1
vea muy,1
various cultures,1
uwow gini dan,1
uwow gini,1
uwaww is too,1
uwaww is,1
utk musisi lain,1
utk musisi,1
used to wear,1
used to,1
use this music,1
use this,1
usaha mereka tidak,1
usaha mereka,1
very proud,1
very good me,1
very good from,1
very cool geez,1
very cool,1
very best huge,1
very best,1
very beautiful combination,1
very beautiful,1
version dari million,1
version dari,1
versi transisi semua,1
versi transisi,1
versi sundanya ges,1
versi sundanya,1
versi full nya,1
video and theres,1
video and song,1
video and read,1
video also the,1
video also,1
vibrate the world,1
vibrate the,1
vibes ramadhan dirumahaja,1
vibes ramadhan,1
vibes dirumah saja,1
vibes dirumah,1
vez mas me,1
vez mas,1
very very very,1
very very good,1
very proud of,1
video sebagus,1
video permusikan di,1
video permusikan,1
video nya,1
video me encanta,1
video me,1
video is sickkkk,1
video is,1
video ini september,1
video ini dpt,1
video has been,1
video has,1
video dedemit youtube,1
video dedemit,1
video clip nya,1
video clip,1
view jt,1
view bukanlah hal,1
view bukanlah,1
view and still,1
view and,1
vidio nya tidak,1
vidio nya,1
vidio keren ini,1
vidio keren,1
vidio ini yang,1
vidio ini,1
video smpe habis,1
video smpe,1
video should go,1
video should,1
video sebagus ini,1
views lets,1
views it would,1
views it,1
views im from,1
views im,1
views hadiah terbesar,1
views hadiah,1
viewers omg cause,1
viewers omg,1
viewers go go,1
viewers go,1
viewers dan jt,1
viewers dan,1
view yok indonesia,1
view yok,1
view jt like,1
vocals the instrumentals,1
vocal de la,1
vocal de,1
visuals everythings amazing,1
visuals everythings,1
viral kan vidio,1
viral kan,1
viral gajelas kek,1
viral gajelas,1
viral banget sampe,1
viral banget,1
villainthe light from,1
villainthe light,1
views sebelum akhir,1
views sebelum,1
views lets make,1
agar masuk,1
again you guys,1
again you,1
again the song,1
again the geniusm,1
again lathi dong,1
again lathi,1
again great job,1
again great,1
after tristan reacted,1
after tristan,1
voice blend perfectly,1
voice blend,1
vocals those feelings,1
vocals those,1
vocals the visuals,1
wait seems repost,1
wait seems,1
wait for next,1
wait for,1
wait another song,1
wait another,1
wach this,1
wa even dont,1
wa even,1
voice when slow,1
voice when,1
voice damn it,1
voice damn,1
agar mereka mendapat,1
agar mereka,1
agar masuk besar,1
want to,1
wanna raise the,1
wanna raise,1
walker liriklirik sedikit,1
walker liriklirik,1
walker in tomorrowland,1
walker in,1
waktu berlalu,1
waktu begitu cepat,1
waktu begitu,1
wajibb trendingg oyyy,1
wajibb trendingg,1
wajib go international,1
wajib go,1
wajarlah lagu ini,1
wajarlah lagu,1
was mashup but,1
was mashup,1
was like who,1
was like,1
was lacking or,1
was lacking,1
was hit last,1
was hit,1
was great to,1
was great,1
was from international,1
was from,1
was dope,1
want weird genius,1
want weird,1
want to see,1
wauuuw already,1
watching this me,1
watching this,1
watched this video,1
watched this,1
watched some video,1
watched some,1
wasnt in your,1
wasnt in,1
was wrong found,1
was wrong,1
was song from,1
was song,1
was so fckin,1
was really awesome,1
was really,1
we all,1
wayang kulit mbiyen,1
wayang kulit,1
wayang image of,1
wayang image,1
wayang culture,1
way you potrayed,1
way you,1
way ya compose,1
way ya,1
way she kept,1
way she,1
way out brooooooh,1
way out,1
way of speech,1
way of,1
wear this,1
we should proud,1
we should,1
we need petition,1
we need,1
we love indonesia,1
we love,1
we keep support,1
we keep,1
we have the,1
we have,1
we founght for,1
we founght,1
we are all,1
we are,1
we all imagine,1
weird genius suka,1
weird genius siapa,1
weird genius seperti,1
weird genius or,1
weird genius mother,1
weird genius mendunia,1
weird genius membuat,1
weird genius hold,1
weird genius emang,1
weird genius dapet,1
weird genius collab,1
weird and so,1
weird and,1
weh ada jawa,1
weh ada,1
wear this when,1
well take her,1
well take,1
well played,1
well guys actuallyyy,1
well guys,1
weired genius,1
weirdyou are so,1
weirdyou are,1
weird jenius,1
weird geniuskalian membuat,1
weird geniuskalian,1
weird genius you,1
weird genius yo,1
weird genius yes,1
weird genius theyre,1
weird genius tetep,1
after getting hurts,1
after getting,1
afraid of is,1
afraid of,1
aerphon malah jdi,1
aerphon malah,1
adalah berkat dan,1
adalah berkat,1
adalah berkah dan,1
adalah berkah,1
ada yang posting,1
ada yang komen,1
wengi remix full,1
wengi remix,1
wengi alasan gua,1
wengi alasan,1
wg for fifa,1
wg for,1
wg dari segi,1
wg dari,1
wg but again,1
wg but,1
westerners and fan,1
westerners and,1
western song combined,1
western song but,1
wes neng kono,1
wes neng,1
were involved in,1
were involved,1
after listening this,1
after listening,1
wg troboss,1
wg they can,1
wg they,1
wg thankyou so,1
wg thankyou,1
wg ora party,1
wg ora,1
wg nyoh,1
wg no party,1
wg no,1
wg juta like,1
wg juta,1
wg hold my,1
wg hold,1
wg gass loss,1
wg gass,1
what hapen,1
what great song,1
what great,1
what called as,1
what called,1
what call in,1
what call,1
what beautiful tune,1
what beautiful,1
what an amazing,1
what an,1
wg yoo gass,1
wg yoo,1
wg why not,1
wg why,1
wg troboss ajalah,1
when look,1
when indonesian music,1
when indonesian,1
when im years,1
when im still,1
when heard this,1
when heard in,1
when changed into,1
when changed,1
what you have,1
what you,1
what is yours,1
what is song,1
what happens when,1
what happens,1
what hapen of,1
white flag,1
which is contain,1
which is,1
when the chorus,1
when the,1
when that traditional,1
when that,1
when slow part,1
when slow,1
when shes singing,1
when shes,1
when she take,1
when she did,1
when performed at,1
when performed,1
when look for,1
who made this,1
who made,1
who is weird,1
who is itgroup,1
who is it,1
who get goosebump,1
who get,1
who dont come,1
who dont,1
who controls others,1
who controls,1
who cant find,1
who cant,1
who came here,1
who came,1
white flag on,1
why not,1
why like wg,1
why like,1
why im crying,1
why im,1
whole song,1
whoever produce this,1
whoever produce,1
who would have,1
who would,1
who were involved,1
who were,1
who trapped in,1
who trapped,1
who suggest that,1
who suggest,1
witch is,1
witch enchantress weird,1
witch enchantress,1
wish had found,1
wish had,1
win best asian,1
win best,1
win at the,1
win at,1
will win at,1
will win,1
will be the,1
will be,1
why tf they,1
why tf,1
why not both,1
with stray,1
with our new,1
with our,1
with other local,1
with other,1
with modern make,1
with modern genre,1
with left diamond,1
with left,1
with indonesias traditional,1
with indonesias,1
with cultures maybe,1
with cultures,1
with alan walker,1
with alan,1
witch is like,1
wo this is,1
wo this,1
wo amattttt gilaaaaaaaaaaaaaya,1
wo amattttt,1
wkwkwk udah setahun,1
wkwkwk udah,1
wkwkwk ps ini,1
wkwkwk ps,1
wkt covid,1
with you,1
with this one,1
with this music,1
with this hope,1
with thick javanese,1
with thick,1
with stray kids,1
world attention,1
works with other,1
works with,1
words gave me,1
words gave,1
words evil enchantress,1
words evil,1
word nudity traditional,1
word nudity,1
woo the song,1
woo the,1
wong jowo krungu,1
wong jowo endi,1
wonderful job,1
woii ini karya,1
woii ini,1
ada unsur alat,1
ada unsur,1
ada temen yang,1
ada temen,1
ada pada lidahnya,1
ada pada,1
ada musik suatu,1
ada musik,1
ada lirik jawanya,1
ada lirik,1
ada lawan rupanya,1
ada lawan jepe,1
world cup official,1
world cup indonesia,1
world class song,1
world class,1
wow ini keren,1
wow ini,1
wow amazing me,1
wow amazing,1
wouyyy pegel pegel,1
wouyyy pegel,1
would literally suggest,1
would literally,1
would have thought,1
would have,1
would be lit,1
would be insaneeee,1
world of indonesian,1
world of,1
ada yang dari,1
ada yang cari,1
woy sekeren ini,1
woy sekeren,1
woy lah ah,1
woy lah,1
wow when look,1
wow when,1
wow this song,1
wow this music,1
wow the universe,1
wow the,1
wow saya merinding,1
wow saya,1
wow no saba,1
wow no,1
wow its so,1
wow its,1
ya dan you,1
ya dan,1
ya compose the,1
ya compose,1
ya ampun kok,1
ya ampun kemana,1
ya allah to,1
ya allah,1
wtf this song,1
wtf this,1
wrong if so,1
wrong if have,1
wrong found out,1
wrong found,1
woyyy karena emg,1
woyyy karena,1
yaaw bangga banget,1
yaaw bangga,1
ya sudah tahun,1
ya sudah,1
ya padahal keren,1
ya padahal,1
ya nama nya,1
ya nama,1
ya maap kalo,1
ya maap,1
ya gw kalau,1
ya gw,1
ya dengerin musik,1
ya dengerin,1
ya denger lagunya,1
ya denger,1
yang beli kuota,1
yang beli,1
yang begitu jeniuuuuskalian,1
yang begitu,1
yang bagian kowe,1
yang bagian arasnsemen,1
yang apik alias,1
yang apik,1
yang amazing teruslah,1
yang amazing,1
yang aku impikan,1
yang aku,1
yang abis nonton,1
yang abis,1
yakin tidak trending,1
yakin tidak,1
yang bisa trending,1
yang bisa di,1
yang bikin lagu,1
yang bikin,1
yang biasa dalam,1
yang biasa,1
yang berkualitas sperti,1
yang berkualitas,1
yang bergenre edm,1
yang bergenre,1
yang berarti kau,1
yang berarti,1
yang berambisi untuk,1
yang berambisi,1
yang belum kenal,1
yang belum,1
yang dimana dia,1
yang dimana,1
yang dikemas secara,1
yang dikemas,1
yang dibuat secara,1
yang dibuat,1
yang dengerin di,1
yang dengerin,1
yang dari dulu,1
yang dari dan,1
yang cuma untuk,1
yang cuma,1
yang cari nafkah,1
yang cari,1
yang bkin good,1
yang bkin,1
yang gua,1
yang gak sukakenapa,1
yang gak like,1
yang epic begini,1
yang epic,1
yang dulu sempat,1
yang dulu,1
yang dukung weird,1
yang dukung,1
yang dislike yang,1
yang dislike sering,1
yang dislike sebanyak,1
yang dislike pasti,1
yang dislike heran,1
yang dislike generasi,1
yang dislike fix,1
ada di ucapan,1
ada di negara,1
ada di lisannya,1
ada dari kalimantan,1
ada dari,1
ada cara penghargaan,1
ada cara,1
ada bosennya smbil,1
ada bosennya,1
ada akhlak woyyyyy,1
yang harus kau,1
yang hadir di,1
yang hadir,1
yang gue suka,1
yang gue,1
yang gua liat,1
yang ku cari,1
yang komen yang,1
yang komen,1
yang kita perjuangkan,1
yang kita berjuang,1
yang kira orang,1
yang kira,1
yang keren ini,1
yang keren banget,1
yang kami perjuangkan,1
yang kami,1
yang harus trending,1
ada kata kata,1
ada kata,1
ada jawa rhythm,1
ada jawa nya,1
yang mana gua,1
yang mana,1
yang like im,1
yang like,1
yang liat budaya,1
yang liat,1
yang lalu saja,1
yang lalu ceoatnua,1
yang lagi trending,1
yang lagi,1
yang kutahu bahwa,1
yang kutahu,1
yang kurang enak,1
yang kurang,1
yang ku tunggu,1
yang ku liatdengar,1
yang nge dislike,1
yang nge,1
yang merinding entah,1
yang merinding,1
yang mengisahkan cinta,1
yang mengisahkan,1
yang membuat ku,1
yang membuat,1
yang memberikan hal,1
yang memberikan,1
yang membaca mohon,1
yang membaca,1
yang masih suka,1
yang masih nonton,1
yang masih dengerin,1
yang masih dengarin,1
yang sama like,1
yang sama,1
yang reaction paraahh,1
yang reaction,1
yang puterin langsung,1
yang puterin,1
yang posting lagi,1
yang posting,1
yang nonton inin,1
yang nonton ayo,1
yang ngundang kak,1
yang ngundang,1
yang ngulang lagunya,1
yang ngulang,1
yang ngeshare baru,1
yang ngeshare,1
yang tidak,1
yang terlibat di,1
yang sudah menyebar,1
yang sudah go,1
yang sngaat luar,1
yang sngaat,1
yang setuju like,1
yang setuju,1
yang semua amit,1
yang semua,1
yang selalu bikin,1
yang selalu,1
yang saya tahu,1
yang saya,1
yang sangat tajam,1
yang sangat fantastik,1
years old wach,1
years old,1
years ago,1
year glad chan,1
year glad,1
yeahh go to,1
yeahh go,1
yeah was so,1
yeah was,1
yap tahun berlalu,1
yap tahun,1
yang udah ada,1
yang udah,1
yang traditional top,1
yang traditional,1
yang tidak jelas,1
yo ngono rek,1
yo ngono,1
yo karo dugem,1
yo karo,1
yng kaga jelas,1
yng kaga,1
yng baru bang,1
yng baru,1
ying kisini giri,1
ying kisini,1
yhhh ngeliat karya,1
yhhh ngeliat,1
yha tahun masa,1
yha tahun,1
yet still played,1
yet still,1
you can not,1
you can go,1
you can do,1
you are the,1
you are,1
you and team,1
you and,1
yoshhh we keep,1
yoshhh we,1
yooo sara fajiraaa,1
yooo sara,1
yoo gass,1
yok indonesia bisa,1
yok indonesia,1
yo this made,1
yo this,1
you know what,1
you know,1
you have to,1
you have no,1
you have make,1
you have been,1
you guys for,1
you guys ever,1
you guys can,1
you guys are,1
you for bringing,1
you for,1
you channie already,1
you channie,1
you chan and,1
you chan,1
actually your first,1
actually your,1
actually made from,1
actually made,1
actor inside you,1
actor inside,1
action when she,1
action when,1
act of eating,1
act of,1
absen yang hadir,1
absen yang,1
you rarely get,1
you rarely,1
you potrayed indonesian,1
you potrayed,1
about this and,1
ziggi zagga,1
zaman covid udah,1
zaman covid,1
zagga look am,1
zagga look,1
yt and yeah,1
yt and,1
youtube siipi ying,1
youtube siipi,1
youtube itu angka,1
youtube itu,1
youtube its from,1
youtube its,1
youtube eh ketemu,1
young and remembered,1
youre literally,1
your works with,1
your works,1
your soul to,1
your soul,1
your song,1
your recommendation searched,1
your recommendation,1
your music love,1
your first sentences,1
your first,1
your another art,1
your another,1
about toxic relationship,1
about toxic,1
about this song,1
